Key,Price
TJS/LKR,949.67
XOF/SOS,322.95
AFN/SYP,14.86
KHR/MGA,820.53
PGK/XDR,518.03
MZN/JMD,297.24
BOB/LAK,805.77
XBD/SDG,802.99
XTS/COP,844.69
NOK/PLN,139.13
KMF/UAH,606.84
DZD/RUB,2.73
EGP/IDR,762.81
BTN/LAK,454.81
NOK/PEN,979.55
TOP/LRD,103.91
LRD/PGK,390.34
CHF/BHD,929.70
JOD/LTL,999.07
KHR/GEL,606.68
MAD/BWP,289.28
MKD/BHD,686.91
XAF/BTN,394.16
SHP/PEN,64.24
TTD/AMD,946.37
TND/NIO,691.88
BIF/BSD,624.93
ZWL/FKP,503.56
LRD/TRY,399.27
EGP/GHS,489.34
UZS/IRR,851.85
ANG/NPR,67.71
NAD/UYU,214.40
SLL/LRD,361.59
LAK/SCR,603.30
SYP/IQD,200.80
LBP/IQD,819.39
XAG/SRD,537.16
LTL/SZL,951.02
GTQ/SBD,442.63
CZK/UZS,771.28
NAD/TRY,231.95
BMD/BDT,299.68
SGD/AWG,207.55
NPR/HNL,35.28
LYD/KZT,401.61
BIF/ILS,820.73
EGP/MVR,753.80
LKR/CUC,290.99
VUV/SDG,960.90
SYP/CZK,518.50
CLP/ALL,647.71
KHR/DKK,419.47
MZN/KHR,306.49
ZMK/BND,573.49
CRC/GBP,262.76
KYD/NZD,928.79
EUR/XBA,950.62
MUR/NAD,874.16
BTN/GBP,826.15
ILS/TJS,672.31
GBP/THB,302.20
KMF/ZAR,403.71
BOB/DJF,355.35
YER/PLN,287.28
ZAR/HUF,539.13
BZD/BWP,788.32
CRC/BYR,401.22
XBD/MUR,851.51
PKR/PKR,778.76
HTG/TTD,284.52
MXN/EUR,853.17
RON/ISK,978.67
MNT/XCD,556.44
XDR/CZK,835.41
PLN/KYD,57.33
NOK/DJF,387.24
KRW/SBD,186.62
AFN/YER,28.97
KPW/JMD,544.76
MUR/MYR,871.15
GEL/MMK,871.13
MOP/XAF,212.58
LVL/DKK,438.38
MOP/IDR,970.83
NIO/PYG,204.14
NGN/BTN,648.25
BDT/IQD,907.91
SVC/MMK,788.09
BDT/COP,340.54
BOB/GBP,272.01
CRC/KWD,868.77
GTQ/RON,663.00
CUC/CNY,124.87
OMR/NAD,770.32
XBC/MMK,469.07
ANG/BGN,828.24
MWK/PEN,944.32
AUD/MUR,920.26
PHP/TTD,496.15
XPT/TTD,613.29
GNF/SAR,419.51
TZS/BHD,902.29
XPT/NIO,512.23
IDR/NZD,676.37
XAF/JMD,665.33
MWK/BZD,669.04
VND/CNY,863.02
LYD/MXN,471.08
MOP/GBP,516.17
XTS/LBP,875.52
CLP/NGN,742.17
IRR/BZD,921.65
NAD/SBD,329.40
AFN/XBD,955.00
EGP/SZL,801.18
XFU/NAD,89.63
XOF/XAG,965.34
KRW/KMF,384.52
IDR/SRD,83.15
FJD/LSL,890.88
CLP/WST,880.41
BGN/BAM,613.13
BGN/TRY,510.97
MZN/PAB,506.74
KYD/AMD,415.75
FKP/HTG,190.17
CDF/AUD,853.80
CRC/AOA,786.13
MYR/ISK,366.33
IDR/NOK,229.09
JMD/DZD,442.91
AZN/SVC,266.35
GTQ/XAF,532.82
UZS/XAU,931.48
XTS/RSD,451.64
BSD/AED,968.85
DZD/VEF,700.35
AUD/BTN,762.00
CUP/GMD,305.50
CVE/SOS,535.10
FKP/BAM,785.23
SDG/HTG,436.83
ARS/HRK,271.93
SVC/PAB,465.02
RWF/LYD,529.84
LKR/MVR,947.12
BMD/AOA,333.61
SZL/LRD,169.87
XFU/ERN,969.14
MZN/BYR,379.45
RON/PLN,862.90
BSD/ANG,559.81
LAK/SGD,837.12
HTG/GYD,605.27
UAH/CRC,732.87
LSL/TWD,806.38
EGP/CZK,391.32
XAU/SEK,5.49
VUV/MZN,260.62
MAD/NOK,475.16
UYU/DKK,815.24
NOK/NAD,76.90
CHF/BWP,104.75
SZL/ZAR,287.08
SCR/PYG,432.61
LYD/JPY,475.82
IQD/RUB,388.83
KES/MGA,397.92
MMK/CAD,503.36
JPY/PYG,832.33
RSD/TZS,389.28
COP/NIO,203.33
AZN/RUB,79.01
KMF/YER,548.05
PYG/PGK,105.65
AUD/IQD,443.58
SGD/FKP,341.20
SRD/AUD,45.94
LTL/XPT,976.91
LBP/SCR,3.84
RSD/MYR,856.56
DZD/RSD,683.93
PYG/SGD,816.99
XFU/SBD,986.88
SZL/SHP,366.18
BMD/PAB,883.11
XOF/BRL,429.23
EUR/BWP,927.55
XOF/ZMK,198.60
AOA/OMR,645.27
EEK/RSD,577.52
TOP/INR,694.86
XDR/RWF,501.38
XAG/HRK,830.34
MMK/KMF,719.86
STN/GTQ,708.33
LRD/DOP,332.08
XBD/BIF,984.85
QAR/TWD,32.42
BAM/STN,54.02
NAD/MDL,558.29
CNY/XBA,935.69
KRW/DZD,666.51
SLL/RSD,136.80
RON/PAB,990.17
XBD/KES,659.57
XBB/PGK,480.79
CHF/DKK,289.07
OMR/BAM,499.62
MWK/ISK,289.29
TOP/UYU,465.18
PHP/LRD,345.38
EUR/DOP,28.58
PYG/XPD,792.00
MWK/GNF,618.60
XOF/UGX,131.31
KWD/FKP,259.91
CLP/PHP,117.87
LKR/BOB,920.89
PLN/MXN,549.50
MWK/MNT,46.59
DZD/KWD,461.28
HUF/IRR,199.31
BZD/YER,858.09
ILS/CUC,254.81
ZAR/BSD,694.42
ARS/AUD,701.95
SDG/BTN,248.67
BOB/BND,828.19
XCD/LKR,397.33
LSL/UZS,111.51
LKR/NPR,356.35
SDG/STN,13.53
KWD/IQD,922.89
EGP/KHR,910.33
QAR/INR,920.87
NZD/AED,17.42
SCR/CUP,680.18
GHS/EEK,996.72
UZS/ETB,706.61
XFU/JMD,402.31
NZD/TRY,140.16
RSD/BIF,427.94
JPY/JOD,909.31
PHP/PAB,180.09
NOK/NZD,232.15
XBB/GMD,666.28
GHS/BWP,709.38
SHP/TZS,211.75
GBP/GIP,588.55
CNY/KMF,448.42
CHF/XAU,214.21
LSL/JOD,63.95
AMD/CDF,482.92
DKK/ILS,7.43
EUR/BND,97.02
MWK/KHR,736.38
NGN/BZD,808.41
GMD/WST,881.99
TZS/KGS,295.75
BOB/DZD,957.62
EEK/BHD,232.12
BND/DJF,460.88
BZD/XAG,102.29
EUR/FKP,177.79
BYR/XPD,108.82
MGA/JMD,331.85
GYD/XBB,105.69
XBA/VND,881.67
NIO/COP,697.73
CUC/BTN,113.89
LVL/CUP,579.72
IRR/TRY,121.15
CUC/MUR,214.28
KGS/BDT,147.19
MRO/RUB,906.43
HRK/MXN,33.34
VEF/PKR,290.00
DZD/SEK,678.00
KMF/XOF,22.66
UYU/BND,28.14
MZN/SCR,992.57
RON/LYD,36.92
XOF/RUB,239.64
NIO/KZT,948.90
MMK/PEN,897.30
QAR/AMD,292.40
IQD/FJD,530.61
ANG/TOP,915.46
ALL/MKD,813.32
LBP/ETB,184.50
AWG/XBA,209.01
BBD/PGK,798.19
KRW/YER,700.97
COP/BHD,749.00
CNY/CDF,170.19
SLL/FJD,679.29
SAR/SZL,325.65
RSD/MMK,731.52
MVR/XTS,71.27
XAG/JMD,900.30
TOP/TND,560.59
MMK/TOP,827.72
AED/KPW,514.02
VND/EUR,474.67
LRD/OMR,868.70
PHP/GBP,93.06
ZWL/PEN,849.67
OMR/LBP,335.73
LTL/MRO,101.00
CDF/TTD,63.67
ARS/XPD,446.37
XBB/XAF,130.41
MXN/XPT,859.33
XFU/PHP,267.61
PAB/BOB,965.05
SAR/LAK,195.20
ANG/IRR,221.24
NGN/MAD,153.39
DKK/BHD,280.49
NGN/UGX,816.43
JPY/BHD,801.24
PKR/MUR,190.22
XTS/EEK,68.35
XAG/YER,513.23
HKD/DJF,904.88
AUD/QAR,781.53
TOP/RON,420.18
XPT/TZS,465.28
XBC/DOP,976.99
ZAR/VND,227.14
BWP/GTQ,707.70
XAU/USD,558.48
ISK/MWK,606.74
PKR/GHS,122.37
GMD/MOP,467.55
GHS/GHS,164.85
XPT/VND,522.90
RSD/UYU,764.98
JPY/CNY,80.21
MKD/MMK,804.24
RON/CAD,442.72
BRL/NZD,194.88
GEL/FJD,814.46
SHP/TJS,749.65
BAM/MVR,738.12
SHP/DOP,78.60
ILS/GIP,938.86
AUD/LKR,433.37
QAR/LBP,783.95
HRK/MDL,974.99
LTL/NZD,458.05
AOA/IQD,172.26
DZD/MRO,451.03
PGK/MYR,254.84
TWD/SAR,99.06
KES/RON,370.37
XBD/NGN,759.37
MNT/PKR,0.79
WST/GMD,569.79
MXN/MDL,87.16
BGN/DJF,672.88
AMD/SGD,384.39
MKD/SEK,358.74
NPR/PHP,873.86
UGX/GNF,355.97
NAD/TJS,887.89
USD/XAF,523.67
IRR/MUR,736.96
ALL/AFN,800.06
XAU/FJD,800.20
BGN/SAR,672.30
FKP/EUR,456.26
ZMK/MNT,73.18
DZD/HRK,476.25
MDL/PKR,373.71
ERN/BWP,606.36
BBD/INR,375.76
KES/TWD,318.70
MDL/HNL,775.11
XBA/BHD,826.28
XBD/QAR,842.67
GHS/TZS,986.81
BOB/QAR,681.34
RWF/KWD,2.00
COP/AED,769.09
UZS/GHS,535.44
KPW/BAM,107.44
ETB/LRD,351.90
RON/NGN,23.31
KWD/GMD,97.18
SCR/HRK,405.48
JOD/SLL,522.11
KRW/TOP,195.19
NZD/UZS,993.04
UGX/IRR,131.36
AWG/CRC,58.33
GNF/STN,836.15
KHR/NZD,940.60
LRD/MWK,393.67
MUR/KYD,850.23
CZK/PGK,554.92
BIF/XOF,201.90
VEF/TWD,633.31
XAF/BRL,983.75
KMF/CDF,302.70
XAU/SYP,1.79
SLL/UAH,99.08
PGK/XCD,974.78
BOB/BYR,881.13
DKK/CNY,492.70
LAK/ALL,994.61
KES/MZN,440.67
VUV/MDL,225.69
FKP/RUB,743.51
CUC/ETB,244.49
EUR/IDR,686.07
FJD/TTD,703.05
CUC/KGS,356.74
TTD/THB,104.78
LVL/SCR,820.53
VND/MVR,780.45
GHS/SOS,171.77
MNT/OMR,713.65
BIF/NAD,702.88
SYP/DOP,394.72
KWD/USD,150.19
LTL/KPW,261.07
KRW/SDG,80.13
KMF/NPR,344.89
AFN/BRL,315.37
CHF/BBD,770.21
KGS/SDG,435.16
BWP/RWF,925.03
KES/IDR,924.88
XBC/MGA,271.36
GTQ/VEF,640.77
MZN/ARS,353.50
NOK/NOK,697.59
COP/RUB,699.30
CLP/TMT,767.29
CNY/MWK,436.36
ALL/TRY,132.66
JOD/GTQ,470.77
DZD/XDR,530.61
XBC/ARS,102.57
KYD/MAD,964.81
HRK/MWK,296.42
TZS/VEF,451.68
EEK/HUF,748.55
UZS/MGA,445.29
IQD/CUP,355.28
CHF/DZD,479.41
KRW/XBA,835.82
BIF/AED,573.14
RSD/GIP,69.78
AWG/PKR,383.15
BBD/XPD,488.25
ALL/SGD,930.43
INR/TWD,589.03
MZN/HKD,152.51
UAH/XCD,740.72
ZMK/SGD,18.95
DOP/ETB,629.89
MVR/CLP,565.76
NAD/SYP,722.49
KGS/LVL,559.45
SDG/DKK,515.64
ALL/UAH,300.81
TOP/SHP,472.15
LYD/FJD,603.72
NOK/UYU,332.57
IRR/SRD,5.46
EEK/SDG,657.44
XBB/NGN,337.48
NZD/PYG,384.18
MGA/CVE,647.79
CAD/ALL,701.01
KZT/LAK,183.04
KES/AMD,600.31
MXN/KGS,429.91
ARS/KPW,853.77
SVC/STN,809.39
GEL/BBD,331.59
MMK/MGA,899.60
KPW/SGD,960.10
LTL/GYD,290.80
PLN/UZS,599.34
UGX/XCD,351.89
YER/EGP,855.10
UYU/RSD,888.21
DOP/RUB,152.52
ZMK/ILS,423.07
NOK/SBD,108.56
EEK/GBP,546.79
SRD/LRD,26.57
LTL/CDF,417.41
XDR/GTQ,502.77
MWK/SYP,905.01
DZD/XFU,808.12
IRR/TOP,543.12
XTS/XAF,449.18
JPY/ZAR,995.61
GIP/XBA,979.53
JPY/CHF,144.82
UAH/HKD,112.73
INR/XTS,349.82
XAG/LRD,821.97
GIP/GNF,498.34
BGN/SOS,188.96
ERN/TND,421.99
UGX/KRW,682.14
HTG/KGS,305.21
RUB/GIP,330.12
AMD/MDL,159.12
AOA/CAD,298.74
CAD/XPD,931.34
XBB/TWD,687.36
UYU/SHP,730.30
TND/EUR,605.66
MAD/TJS,431.69
TMT/GBP,960.11
AFN/NPR,163.75
IRR/ZAR,445.71
GTQ/CLP,583.94
EUR/AWG,451.20
LBP/SGD,909.49
BBD/BMD,896.90
MDL/RWF,110.64
MKD/CRC,310.91
KES/KYD,966.77
XBD/DJF,145.02
SRD/SZL,796.00
VND/XAG,374.92
DKK/KRW,57.19
NZD/EUR,980.73
VUV/BSD,858.15
KGS/DOP,829.85
PKR/BGN,186.76
AED/BDT,786.87
PYG/BWP,610.28
MMK/PGK,468.83
AUD/COP,101.00
LRD/MGA,162.93
MYR/LTL,433.10
CAD/XTS,206.06
SAR/SRD,847.31
KYD/SVC,92.95
XBA/VEF,949.44
MKD/MGA,248.05
CNY/WST,95.24
UGX/GEL,730.05
HNL/KRW,772.47
MNT/XAF,299.35
LRD/BDT,376.43
SCR/VUV,583.02
SVC/GNF,285.43
RON/BMD,549.90
BAM/CLP,395.59
XAF/EEK,693.62
CDF/BTN,203.23
SOS/HTG,452.92
ARS/NPR,711.33
VND/SCR,187.43
NAD/WST,222.19
XBD/MWK,276.97
GBP/CAD,886.15
KES/FKP,930.28
BND/AED,272.94
AOA/PGK,178.39
PYG/ERN,440.59
LAK/HRK,101.48
NAD/MKD,500.60
PEN/XAF,943.43
STN/BGN,995.38
SDG/MVR,962.86
GNF/AMD,859.11
XBC/INR,0.82
SAR/BBD,12.61
NAD/CUP,377.88
XTS/TOP,603.89
ALL/ARS,816.54
MAD/BSD,947.45
SEK/SAR,862.60
EUR/CZK,215.67
NAD/STN,236.72
GBP/DKK,372.56
IQD/GEL,496.65
XCD/UGX,998.50
KYD/DZD,474.17
HKD/SAR,695.30
JOD/PAB,308.25
BTN/KYD,434.26
LRD/NIO,493.14
MGA/MXN,583.63
BAM/XBA,157.36
MAD/XPD,757.51
CHF/MAD,913.56
BHD/XAG,940.74
SDG/COP,156.13
RSD/BRL,319.91
TND/CDF,917.03
PYG/IDR,820.02
PYG/MGA,771.05
AED/PHP,807.46
CUP/MNT,993.75
SLL/SOS,229.45
MMK/BIF,829.03
CLP/SVC,303.96
XAU/DOP,413.57
CVE/GNF,723.90
LYD/QAR,284.61
LKR/KZT,537.29
JMD/FJD,17.71
SGD/AZN,89.73
GMD/HNL,386.69
KGS/PEN,505.47
EGP/NOK,848.73
CHF/BYR,971.76
DOP/GEL,985.46
XBC/EGP,904.41
RON/XBA,389.50
XFU/BRL,931.79
KHR/VUV,798.77
IQD/KRW,483.09
EGP/RUB,132.34
CUP/TJS,667.22
AZN/MGA,7.46
MUR/MKD,359.80
UZS/BAM,838.03
MVR/USD,205.35
XPD/LBP,945.55
SAR/MOP,60.07
FJD/ZWL,856.48
JPY/SVC,57.97
GHS/QAR,686.86
YER/QAR,996.53
BWP/EUR,176.40
RON/KWD,55.14
UAH/KPW,221.92
VUV/CDF,7.28
CUP/XBA,543.52
TJS/INR,192.68
LYD/GBP,584.92
XPT/TJS,750.27
FKP/MKD,410.69
PKR/GTQ,770.96
BYR/ZWL,416.55
AWG/TTD,403.41
IQD/PKR,196.94
UAH/XAU,651.89
SVC/KRW,908.78
AWG/SHP,941.80
NOK/VEF,955.28
CZK/ILS,251.72
JPY/TND,930.41
MAD/HNL,985.24
USD/STN,21.25
BRL/DZD,287.96
AWG/SGD,675.11
UGX/EGP,326.54
SYP/AUD,221.99
TWD/IRR,469.24
BBD/KPW,465.93
FJD/TWD,208.22
BBD/JPY,778.35
XPT/WST,224.54
PKR/IQD,680.82
GYD/CAD,959.74
BMD/CUC,402.87
BTN/EGP,390.16
BRL/LTL,329.06
ZMK/BAM,793.59
FKP/SCR,749.84
RWF/COP,978.19
KZT/DOP,360.89
FJD/MNT,196.82
PYG/VUV,346.86
MOP/KMF,48.50
HTG/SLL,72.41
MDL/IDR,361.39
MWK/MVR,250.66
PYG/BGN,604.05
BOB/LTL,162.86
AWG/BTN,186.14
CNY/PHP,296.58
GHS/LBP,3.75
PKR/COP,104.79
AOA/TOP,604.75
MYR/XDR,127.56
LAK/AFN,701.62
AOA/MRO,975.28
ISK/KZT,888.45
MYR/MMK,380.03
MUR/CLP,895.38
EEK/FKP,785.29
DZD/KPW,74.28
HKD/LBP,726.75
PEN/ZWL,376.71
XPD/NIO,971.91
CUC/XCD,186.15
BBD/IRR,90.14
XAG/SYP,456.81
MAD/FKP,0.53
LBP/XTS,806.78
VEF/SYP,322.82
TJS/FKP,115.18
SGD/TWD,191.96
GYD/PYG,977.09
KWD/XPT,890.83
EEK/SVC,733.60
MAD/HKD,638.38
BND/KPW,972.75
XAF/XPD,215.55
XDR/EUR,313.72
MKD/FJD,75.87
THB/DKK,617.93
CLP/AUD,306.38
ZMK/XPD,279.79
SRD/RON,911.64
XBA/MAD,774.60
GYD/TZS,119.75
MDL/GMD,76.06
ALL/MRO,832.18
TRY/HKD,701.26
XBA/XPD,414.88
SHP/SOS,440.61
XBC/KWD,413.57
BYR/PGK,854.46
XFU/XBD,192.89
OMR/HKD,286.60
AZN/DOP,470.06
MXN/AZN,970.16
XBD/LBP,76.58
FJD/SEK,886.26
TRY/NGN,271.25
THB/XPD,793.85
MUR/KGS,603.52
VUV/GIP,356.08
FKP/GIP,863.32
NZD/BRL,181.39
XTS/SZL,811.79
YER/XBA,127.70
STN/TJS,713.92
INR/XAF,393.96
JOD/AMD,63.24
EUR/RWF,2.53
ANG/ZMK,672.90
BOB/PYG,66.30
SZL/MXN,819.51
MAD/MOP,167.36
TJS/EEK,767.90
YER/KZT,446.96
CVE/BGN,465.06
MKD/QAR,197.31
UGX/BSD,66.40
XBA/QAR,14.07
MKD/UZS,624.63
GYD/ARS,299.27
DOP/BAM,391.89
UYU/SDG,882.21
IDR/BZD,701.62
UAH/GMD,337.50
JOD/XCD,784.20
SOS/KZT,604.23
JPY/NZD,263.53
TZS/JMD,668.22
KHR/FKP,896.17
VUV/YER,329.28
XPF/GYD,42.47
BDT/KPW,282.02
ZWL/XAF,14.41
LVL/WST,950.31
EEK/MZN,416.47
ETB/BND,730.25
VUV/WST,962.81
DKK/GBP,992.04
MGA/STN,362.14
EGP/MGA,438.22
XBC/MZN,638.02
ISK/CAD,412.36
BIF/CAD,767.71
CVE/NZD,347.27
XBD/STN,34.95
WST/MGA,25.54
DKK/DKK,518.70
CVE/XOF,23.10
SLL/KWD,505.10
IDR/XFU,879.27
LRD/GMD,819.86
MXN/FJD,257.18
TTD/EUR,169.22
ALL/BOB,304.25
MYR/XAG,964.18
XCD/LYD,981.11
TOP/CUC,479.77
SZL/TMT,474.30
GNF/CZK,343.50
PGK/LTL,109.69
ETB/LVL,130.43
DJF/GNF,395.02
BBD/ETB,106.36
AED/RWF,343.62
HUF/CAD,23.83
TND/NOK,537.49
BTN/XAF,152.95
SZL/XAU,817.60
SHP/GYD,30.49
ALL/STN,734.81
SVC/PKR,234.51
BYR/SZL,74.35
XOF/LSL,651.93
BMD/HUF,186.40
SDG/VND,661.25
BBD/SEK,979.54
XBB/IRR,114.50
OMR/XAF,354.35
PYG/LKR,302.55
MYR/INR,758.66
PAB/TTD,85.53
SRD/AZN,240.43
LVL/HNL,163.12
SOS/KRW,16.90
GHS/MAD,509.42
JMD/CZK,785.30
CHF/LBP,112.79
BRL/YER,710.16
AOA/UYU,986.13
BSD/PLN,435.36
GHS/RON,250.48
TRY/CZK,488.51
BAM/MKD,648.54
LAK/TJS,252.45
MRO/PHP,307.79
MMK/RSD,243.01
MNT/ANG,306.00
KRW/IQD,424.09
MVR/CUP,323.44
KGS/BTN,497.45
XBC/LKR,872.59
SYP/CDF,701.11
USD/WST,992.61
NOK/SYP,770.29
HRK/XBA,644.76
ETB/MAD,745.51
LBP/XBD,605.25
SZL/LBP,982.82
XAF/BYR,643.00
SRD/GTQ,984.64
TMT/IQD,866.61
BZD/MDL,125.42
SBD/GYD,171.75
HNL/DZD,584.84
GBP/PEN,24.17
KES/SCR,890.00
LVL/SEK,231.89
TMT/KWD,89.46
NAD/BMD,834.20
AFN/BGN,238.53
DKK/SAR,424.70
NZD/ARS,442.78
AED/PAB,831.47
DZD/KGS,595.13
ZMK/CAD,484.33
GEL/HUF,746.00
ZWL/VEF,425.81
HRK/PKR,399.48
BZD/NIO,878.61
BSD/UAH,418.24
PEN/BMD,673.54
EUR/EEK,690.41
XCD/IQD,30.91
NGN/IRR,805.10
CRC/BWP,886.07
MWK/ETB,384.42
BBD/MUR,247.81
LBP/LYD,392.84
SBD/GBP,372.14
TZS/SEK,763.91
CAD/LSL,180.05
ZAR/XBD,129.97
HUF/THB,67.16
LRD/CDF,1.48
KYD/BTN,568.76
JOD/LVL,125.05
PAB/KES,316.76
DZD/DZD,63.70
PEN/UGX,228.28
BSD/AMD,417.79
ANG/TRY,11.12
EEK/PAB,216.54
XFU/BGN,589.90
PEN/TMT,84.91
BRL/BTN,72.75
CVE/STN,429.81
USD/BDT,869.64
HNL/QAR,397.49
HTG/USD,285.95
LKR/BZD,898.76
MVR/KZT,319.70
CNY/TOP,205.77
BRL/NOK,104.21
TJS/KYD,224.76
TRY/AWG,311.11
NPR/MOP,176.20
JOD/DJF,94.51
PGK/RON,366.65
AZN/BZD,698.77
PKR/KMF,639.75
CUC/AZN,642.19
BGN/TTD,839.05
JMD/BDT,717.32
BND/XPF,70.28
BZD/KZT,58.48
NIO/XBC,294.73
MDL/CUP,375.62
MUR/NZD,829.99
XPD/GIP,26.37
LKR/GHS,359.28
COP/RON,429.24
NPR/LYD,362.11
MRO/BOB,171.19
XCD/OMR,460.82
JPY/MOP,407.13
GMD/USD,456.99
WST/INR,100.51
KYD/SCR,946.00
GEL/BOB,732.35
NIO/DOP,456.26
KRW/GTQ,514.78
TMT/NIO,850.32
THB/HKD,106.89
SAR/XOF,473.37
FJD/FJD,444.22
BRL/TMT,974.28
PKR/SYP,25.76
HKD/ZAR,842.41
TJS/PGK,690.37
RWF/LTL,392.55
YER/SOS,30.54
FKP/PEN,950.11
NOK/HNL,364.93
BWP/ISK,588.54
AWG/XTS,775.60
ALL/JOD,172.06
ZMK/BDT,499.22
VEF/XPD,519.61
DJF/MRO,26.43
TTD/GYD,778.02
CHF/XTS,54.18
SAR/LBP,39.65
PGK/SEK,371.12
DJF/BGN,926.67
JOD/AED,469.53
EEK/EUR,957.58
ILS/NOK,34.58
KMF/XBC,643.39
ARS/JPY,817.63
KYD/DJF,854.11
CLP/KZT,75.69
SOS/AWG,148.51
HUF/XPT,634.30
BIF/HNL,242.51
GIP/OMR,124.96
LYD/PLN,791.87
XFU/PEN,732.17
VEF/DKK,243.95
TZS/CDF,626.06
XPD/UYU,84.20
LRD/XAG,268.96
ARS/BWP,533.22
MOP/KES,139.61
BMD/NPR,633.82
GIP/GEL,328.74
CVE/TOP,479.12
MAD/AED,997.19
SLL/PGK,582.65
BZD/GTQ,685.22
VEF/BYR,235.06
SAR/TJS,957.77
AZN/MUR,580.90
JOD/NGN,919.56
JPY/MWK,954.32
OMR/NOK,402.08
JMD/AED,475.13
QAR/LKR,479.21
LTL/PYG,486.63
BAM/ANG,939.70
CHF/CAD,382.38
TRY/SYP,24.78
CDF/ALL,836.26
CLP/TZS,316.86
PGK/SCR,882.02
KGS/TMT,315.81
HNL/PKR,122.41
FKP/BZD,463.57
AZN/LSL,983.73
OMR/VEF,439.90
AWG/HNL,255.27
KMF/UZS,893.55
UAH/XDR,942.23
DOP/PGK,509.06
MMK/VUV,520.97
SEK/STN,900.04
PCKUK,631.11
KYD/XCD,597.93
MUR/VEF,990.41
USD/VEF,960.40
SGD/UYU,451.92
CVE/ILS,958.17
XAF/CDF,582.56
TND/XBC,896.34
XOF/KMF,494.79
XAG/DZD,228.95
EUR/AOA,679.98
KHR/GMD,840.44
MUR/AMD,649.83
NAD/XPF,312.66
MOP/MDL,551.95
XPD/RSD,240.11
UZS/LBP,139.43
ANG/XFU,144.50
UGX/VUV,886.59
TZS/BRL,508.44
MUR/AED,303.35
PAB/DKK,316.95
ERN/NZD,446.72
PAB/QAR,163.31
DJF/GTQ,874.77
UAH/IRR,119.08
LAK/XBA,701.49
MUR/ISK,795.17
PYG/AED,702.50
TWD/ERN,687.35
LKR/CRC,977.33
AMD/BRL,445.26
GEL/MAD,881.11
XAF/AFN,575.10
CNY/PGK,741.90
AMD/LBP,582.28
KES/PLN,13.44
AUD/TND,526.24
GYD/ILS,487.78
IQD/KHR,424.21
UZS/KZT,442.21
SHP/LYD,939.92
LBP/KGS,822.07
AWG/LKR,653.08
LBP/MXN,635.83
CNY/PLN,281.98
XOF/SYP,813.75
CAD/KES,671.07
ETB/ARS,887.95
BYR/BND,15.16
MVR/ALL,754.12
AED/CUP,797.73
AWG/ILS,622.48
XAU/XAG,12.53
MVR/SDG,596.68
SYP/EUR,420.35
XTS/PEN,151.21
CNY/TMT,827.09
JOD/KGS,85.62
NGN/PAB,332.85
MDL/IQD,256.68
XCD/KZT,787.40
MZN/EEK,193.84
LSL/FJD,807.45
DOP/DKK,251.62
TTD/HKD,234.72
AMD/CRC,959.33
NPR/IRR,74.73
SHP/XAG,570.76
SEK/IDR,969.67
OMR/MAD,226.67
OMR/CUC,613.19
USD/COP,656.72
TWD/UAH,462.38
INR/BIF,66.23
BRL/SDG,363.43
SAR/ISK,494.88
BGN/NAD,793.64
ZAR/SVC,527.49
MRO/NIO,592.79
XPD/MOP,305.33
LVL/OMR,30.42
ALL/PKR,907.22
BAM/KHR,687.34
CDF/NIO,933.23
CDF/KGS,179.60
SAR/BZD,822.78
JOD/SDG,868.58
AUD/BZD,978.42
BOB/HKD,321.55
HUF/MGA,431.07
SOS/LAK,186.35
AFN/THB,440.61
TRY/XAU,154.93
ANG/QAR,167.54
MXN/NIO,654.82
BWP/BOB,746.08
ETB/XCD,14.63
VUV/XFU,401.46
BSD/LAK,401.10
TTD/NOK,322.65
STN/ETB,739.02
XCD/DJF,100.31
MGA/FJD,918.28
SHP/AWG,788.49
BZD/NGN,140.93
LVL/GTQ,141.01
ARS/XCD,160.10
VUV/KGS,946.30
ANG/XBC,233.25
TZS/PAB,925.47
NGN/RON,357.57
XDR/UGX,299.60
STN/RWF,492.83
OMR/SDG,27.51
GYD/BHD,226.25
VND/GMD,880.18
USD/PYG,506.49
LAK/LTL,874.22
BAM/SCR,72.02
IQD/AMD,411.94
MNT/SOS,90.75
PHP/AMD,96.31
MGA/MAD,249.21
STN/TMT,538.60
ERN/KMF,40.32
LYD/CLP,172.58
MVR/PYG,501.79
IRR/NZD,294.84
KPW/KRW,411.41
HTG/ARS,617.35
CUP/AUD,480.25
TND/ZWL,392.19
TMT/UGX,126.38
MMK/LAK,270.14
PHP/MAD,566.32
BMD/XBA,930.11
ANG/MOP,988.94
IDR/STN,898.85
DJF/KYD,792.30
UAH/PAB,38.59
XPT/BGN,662.68
CVE/CZK,922.28
XPT/MXN,745.16
ZWL/IQD,396.08
MMK/EUR,73.50
CLP/EUR,886.74
JOD/FJD,947.78
SAR/GHS,127.42
BGN/FKP,941.28
AED/USD,774.64
KHR/UGX,239.59
GYD/GEL,140.41
PKR/BZD,329.43
DKK/EUR,989.16
SGD/GNF,231.91
BYR/BZD,642.70
XCD/CDF,851.10
AFN/CUP,379.68
HTG/XAU,748.17
PLN/IRR,968.35
KES/NOK,639.22
SAR/XPT,865.26
XPF/BZD,534.89
XAU/CLP,615.90
XTS/JPY,445.22
MYR/XAU,965.39
DOP/DZD,173.22
XOF/LYD,222.69
SLL/DOP,461.20
SDG/XPD,296.14
MVR/AUD,891.24
BIF/PLN,607.64
KYD/RWF,81.92
XTS/CNY,33.44
KMF/TOP,749.27
XTS/SVC,168.47
WST/XPT,351.15
SYP/EGP,853.13
XPT/DZD,465.10
BAM/ILS,153.58
MYR/CUP,224.79
LBP/CNY,374.38
GBP/PAB,353.56
HUF/GIP,636.77
ILS/BTN,377.76
AFN/KPW,339.85
CUP/XPF,62.75
LYD/SYP,137.22
HKD/HUF,38.24
SYP/KYD,923.61
NGN/XBA,79.01
AMD/HTG,609.26
BBD/CUP,150.68
LYD/LKR,823.95
CRC/BSD,399.37
BZD/HKD,797.41
MYR/ZWL,387.39
VEF/AFN,129.26
ILS/PHP,950.86
USD/BYR,108.11
XBA/KGS,713.52
UGX/MNT,725.10
AMD/LKR,666.22
NPR/TTD,645.14
PGK/PKR,883.40
GTQ/KYD,631.95
MGA/XCD,58.49
TMT/USD,296.00
XDR/LTL,239.89
XCD/IDR,63.44
LTL/TMT,291.55
IQD/CRC,997.98
MDL/DZD,914.58
UAH/VEF,594.59
AUD/GHS,743.56
UYU/QAR,264.84
SAR/AWG,511.71
THB/XPF,898.12
ERN/NAD,238.15
XPF/WST,105.37
LBP/LRD,902.64
CLP/SEK,36.00
WST/NZD,184.45
LKR/SDG,537.58
EEK/IDR,217.13
JMD/VUV,281.98
KHR/SYP,456.97
ZAR/XDR,257.98
LAK/NOK,634.06
TZS/XBD,951.85
UAH/SBD,781.08
KPW/LYD,221.89
ALL/SVC,902.27
XPF/LVL,356.99
HNL/PAB,440.05
XTS/NPR,499.69
TOP/KZT,708.16
GMD/KZT,708.42
TWD/BZD,753.37
NZD/TTD,745.81
KHR/LKR,281.36
UZS/NOK,766.75
WST/DOP,897.33
BAM/EGP,974.80
FJD/EEK,632.06
NGN/GMD,81.03
LRD/IDR,694.68
CRC/USD,556.08
PGK/UYU,80.38
VEF/TMT,134.53
ZMK/TMT,285.71
LRD/BBD,489.27
AZN/QAR,891.12
KES/SOS,845.49
MZN/RSD,205.47
EEK/XBA,677.53
XBA/GTQ,540.65
XFU/HUF,128.64
KRW/CNY,428.01
MGA/MNT,601.42
SZL/DJF,174.98
AOA/ILS,800.51
AZN/SLL,661.93
NZD/ILS,288.04
LTL/INR,282.35
ISK/KRW,69.67
XPD/SCR,95.71
KRW/SYP,557.59
ZWL/TJS,154.54
MXN/HRK,243.87
GYD/MKD,556.68
KWD/SBD,803.29
GEL/XPT,144.75
HNL/ETB,492.34
SEK/COP,824.01
ERN/JOD,135.88
JOD/XPT,138.67
SDG/ZAR,209.65
LBP/VEF,905.52
DKK/BBD,136.10
KMF/XAU,587.30
KZT/XBB,900.88
HTG/VND,177.59
XOF/FKP,499.53
COP/TMT,666.14
BMD/USD,291.82
MMK/FKP,330.77
BDT/DJF,56.77
LSL/CUP,151.52
TJS/LSL,762.53
KGS/KES,959.05
VND/TWD,579.52
TZS/MMK,280.41
DOP/CLP,151.95
NGN/BOB,570.83
ALL/QAR,480.85
AED/UZS,104.82
ALL/XPF,609.28
MOP/JMD,692.45
TZS/ISK,562.39
XBD/XCD,985.32
LRD/XDR,137.09
ZAR/JMD,401.54
HNL/MRO,836.52
KYD/GIP,577.86
USD/AWG,482.42
THB/PGK,344.52
GTQ/KRW,398.78
TND/KHR,21.48
EGP/XPD,69.59
GHS/RWF,538.86
MWK/MMK,331.00
BTN/TMT,223.11
CDF/SVC,291.90
NOK/SHP,14.12
MZN/SDG,274.10
FKP/KGS,622.92
WST/BRL,162.41
DJF/CRC,621.90
UYU/SCR,990.53
BWP/ZMK,738.89
PHP/BIF,38.94
LRD/TOP,406.07
NAD/EUR,392.01
ZWL/SLL,284.82
HRK/XOF,977.16
MKD/AED,522.88
BOB/CDF,992.80
CDF/BDT,921.51
GIP/SBD,343.16
PKR/CDF,31.07
LRD/NAD,529.38
SYP/AZN,517.20
SHP/HRK,343.13
BGN/IDR,150.78
XAF/DOP,450.21
BRL/XDR,499.34
CDF/NAD,341.07
GYD/AFN,921.67
ERN/SCR,183.72
XDR/GBP,947.30
SBD/RWF,932.00
GHS/MRO,35.29
BOB/HRK,81.93
KYD/MDL,223.67
AED/XBD,628.05
SAR/GMD,356.41
JPY/KMF,988.51
MYR/HRK,137.83
SZL/CNY,296.73
AFN/CUC,857.94
JOD/UAH,942.41
PLN/MNT,987.38
LTL/TRY,701.91
XPF/BTN,823.50
IDR/KES,946.38
EGP/XFU,731.02
THB/AOA,9.53
JMD/XAG,551.70
DJF/MGA,600.70
GBP/AMD,959.55
BND/GMD,351.72
IDR/VEF,477.26
IDR/PLN,678.32
XAU/MRO,38.52
TMT/SCR,9.48
KMF/ERN,813.80
MWK/CUP,879.98
CZK/AMD,141.12
TND/TOP,563.91
SHP/XBA,774.76
GYD/MWK,281.84
BOB/KPW,240.73
ILS/BOB,438.18
SGD/BBD,43.23
HUF/MOP,806.90
MXN/XFU,3.64
KYD/GTQ,324.14
PLN/GEL,168.34
SZL/XAF,656.77
BSD/KRW,620.74
PKR/SLL,534.37
NAD/BHD,854.97
XTS/VUV,624.78
BYR/MNT,485.22
BND/MGA,88.66
LVL/MVR,542.00
XAU/SGD,815.29
LKR/XDR,519.63
CHF/DOP,204.40
CDF/NPR,719.19
BBD/SDG,489.81
SGD/JMD,789.38
XBA/MYR,320.97
TJS/XAG,224.17
HUF/USD,595.58
HNL/AWG,454.73
COP/CHF,356.97
OMR/JOD,43.41
FKP/SRD,214.19
BRL/RON,814.25
SAR/CVE,476.43
TWD/MZN,847.38
KZT/MDL,573.92
XOF/JPY,521.97
KPW/AUD,576.09
KYD/UYU,701.68
YER/BBD,549.20
BAM/HUF,658.68
GMD/PHP,16.60
LBP/GNF,942.74
BHD/PLN,406.88
INR/MOP,841.19
BGN/JMD,894.92
MKD/RWF,979.96
EGP/LTL,425.18
BWP/GNF,496.76
BRL/CAD,852.48
DOP/GBP,193.10
GTQ/AMD,949.86
SYP/KMF,467.47
LAK/GTQ,998.51
ZMK/SAR,360.35
AED/TZS,936.73
UZS/TOP,844.71
UGX/ILS,284.95
CLP/UYU,492.47
NPR/DZD,919.76
CNY/GNF,214.01
TWD/MRO,447.65
MRO/MXN,352.17
NGN/GHS,646.67
UGX/ZAR,280.73
MWK/NPR,954.15
LSL/JPY,842.53
XAU/ISK,144.31
BRL/GIP,686.99
XAG/AMD,281.04
IQD/MYR,102.81
JOD/TTD,909.13
LRD/CZK,386.98
NAD/MZN,992.80
RON/LVL,156.61
TOP/SYP,503.03
XCD/XAU,261.65
KMF/PLN,312.32
XTS/AMD,648.62
DOP/COP,894.45
MZN/MRO,341.02
AOA/GBP,798.99
BRL/GTQ,98.82
BRL/PGK,602.25
XAF/SOS,163.87
MAD/SHP,93.55
XPD/SZL,746.72
FJD/PLN,815.73
SRD/ZMK,116.09
SHP/KZT,910.66
EGP/IRR,729.21
ZWL/BIF,237.02
BYR/DOP,83.63
MDL/GBP,781.92
XTS/XCD,335.18
GNF/TZS,211.03
COP/AZN,664.43
MOP/XTS,296.07
XBC/VND,126.15
XBD/HNL,887.04
BYR/SOS,52.40
UAH/NZD,835.64
BZD/ARS,738.19
EEK/GTQ,215.71
GMD/KPW,749.68
UGX/EEK,283.98
TJS/UYU,562.89
MWK/SZL,474.67
GYD/WST,841.91
XAG/ISK,857.31
MXN/XAG,675.07
MVR/IDR,532.40
RSD/GNF,636.33
MGA/NZD,598.01
LAK/TND,578.74
FKP/IDR,415.02
KZT/CAD,348.83
CAD/BSD,749.92
MWK/AZN,482.81
JMD/MAD,187.18
PLN/XFU,207.43
MZN/EGP,26.79
DZD/CUC,28.22
BZD/AED,776.33
NOK/LKR,551.83
SYP/XBC,865.78
VND/VEF,825.50
KYD/CVE,605.05
PKR/ERN,657.62
PKR/MGA,945.58
XAF/SEK,838.60
PLN/TTD,965.59
KHR/EEK,186.17
MMK/TMT,761.57
YER/KYD,842.05
AOA/KPW,505.37
BHD/SOS,60.80
DZD/TOP,883.11
BRL/QAR,852.57
BND/TMT,879.89
EEK/TJS,530.66
THB/SEK,272.05
GHS/EGP,973.83
DKK/CHF,258.77
DZD/CNY,235.58
BBD/AMD,196.82
GYD/CUC,600.69
CHF/DJF,485.61
XAU/QAR,203.19
XBD/VUV,920.17
KWD/KPW,862.20
PYG/HNL,914.51
BAM/XBB,813.26
AUD/CAD,938.97
SLL/BBD,679.61
SYP/NIO,25.61
JMD/MRO,807.42
TTD/XAU,961.86
GIP/BMD,663.88
LTL/XCD,883.89
XAF/XFU,458.47
KGS/MDL,957.84
RUB/AMD,817.05
GIP/ETB,896.32
IDR/BWP,18.71
JPY/COP,709.49
BDT/XBB,346.23
PKR/SOS,874.76
PYG/DZD,755.96
DKK/TOP,73.36
BTN/STN,354.22
CUP/TWD,465.72
AFN/SBD,897.35
XDR/BMD,602.92
TZS/DZD,656.52
MAD/MRO,935.38
NOK/JPY,52.96
CAD/PLN,769.45
XAU/TTD,540.75
KES/IRR,355.02
CUP/PEN,265.09
SDG/INR,339.89
BGN/EEK,401.86
MRO/GHS,737.45
LSL/SRD,83.39
AWG/CVE,924.09
COP/GHS,152.32
VUV/VND,247.20
MZN/UZS,81.96
AFN/LYD,816.45
AMD/LYD,697.95
PYG/XAG,98.94
LYD/KPW,219.23
IRR/VND,968.68
TWD/UGX,421.42
MUR/DOP,572.82
AED/VND,455.00
GMD/XPT,77.50
BTN/MZN,240.07
JMD/KZT,526.09
KHR/NOK,850.59
GTQ/MWK,725.93
BRL/SBD,729.65
LTL/LRD,129.82
CHF/XAF,565.95
XAU/MYR,396.48
NAD/PGK,17.16
JPY/SHP,210.35
BND/ETB,282.45
ANG/MVR,744.23
XBD/GTQ,972.64
FJD/LYD,37.97
MMK/SHP,421.12
BYR/UGX,308.87
SYP/MOP,618.80
VUV/AMD,118.59
RUB/UYU,555.97
NAD/HTG,79.59
TND/PYG,812.94
LYD/SGD,94.61
GYD/CNY,557.17
XAF/LAK,99.03
CVE/FKP,792.80
AMD/VND,939.51
NAD/AFN,375.41
MKD/KMF,255.28
XTS/RUB,246.49
NPR/BSD,928.67
EEK/NOK,181.50
NOK/BZD,83.70
FKP/SGD,480.38
KES/AZN,975.46
XAF/ALL,529.39
RWF/GMD,14.65
SZL/BND,504.43
BMD/RON,539.16
BHD/USD,610.24
FKP/PLN,272.04
RON/CZK,171.51
BWP/FKP,686.91
SBD/THB,906.93
ALL/MOP,941.98
SDG/TTD,964.75
KPW/JOD,337.73
EGP/XBA,843.81
LRD/PYG,659.99
FKP/STN,677.82
BZD/SDG,910.36
NPR/USD,349.88
NAD/KPW,302.83
HUF/KPW,16.85
ISK/HTG,375.41
CLP/SLL,264.57
ZWL/CAD,145.45
SCR/BND,968.93
SVC/VND,751.55
PKR/LBP,933.14
ILS/TOP,790.14
KHR/AWG,754.41
MOP/GEL,310.67
PAB/NZD,149.99
MKD/ALL,88.49
TWD/GNF,28.85
GMD/XOF,198.75
VND/UGX,263.85
BAM/HTG,997.18
AOA/GMD,508.58
AOA/AED,406.47
LAK/THB,804.43
TZS/RUB,79.65
MKD/BWP,508.35
DKK/GIP,283.93
SGD/AFN,908.09
BYR/GIP,126.03
UYU/GIP,187.68
NOK/SLL,615.19
LTL/MUR,134.29
KWD/PLN,455.07
LVL/SDG,95.70
IRR/GHS,715.42
JMD/CLP,577.46
UYU/NOK,336.12
BGN/UYU,578.79
SBD/COP,878.67
VEF/MWK,66.85
BDT/SLL,104.97
LBP/BND,710.89
TTD/TRY,383.93
SRD/RUB,45.72
PLN/DJF,752.88
KRW/PGK,606.02
USD/ISK,820.09
BOB/KHR,517.63
ZMK/GNF,860.84
RWF/SHP,536.91
ERN/DOP,818.44
ANG/IQD,913.13
BTN/ISK,765.99
SLL/BWP,73.88
ZMK/SYP,846.62
LBP/SZL,151.40
XAU/SCR,271.36
LVL/XBC,105.93
ZWL/GEL,270.23
XAF/GHS,794.48
SVC/HKD,732.92
LRD/AUD,467.32
MGA/MDL,138.53
EUR/XBD,957.77
PAB/AOA,353.74
XDR/JMD,617.26
SZL/TZS,478.07
BSD/BTN,694.44
MVR/SZL,38.99
BAM/MWK,733.21
IDR/YER,813.87
GIP/USD,509.70
IQD/KZT,150.18
MKD/ARS,131.90
PHP/THB,158.88
SYP/CUP,286.29
MOP/SZL,124.65
AWG/NGN,360.74
CHF/MKD,51.55
VUV/LRD,473.63
DOP/KPW,688.26
XBA/BND,766.30
USD/FKP,47.25
SBD/PEN,589.12
XAU/PHP,369.24
EEK/BTN,702.06
UGX/SRD,368.29
ISK/XBB,381.19
LVL/MUR,249.08
KGS/ZAR,564.02
MDL/LKR,306.10
AUD/SAR,230.19
GMD/LVL,308.57
ETB/CZK,84.18
TND/MYR,333.93
MWK/MAD,637.65
SLL/NZD,572.36
SAR/ANG,426.16
MNT/XBD,691.98
VUV/CVE,135.62
XPD/DKK,127.95
XBB/TMT,125.65
NGN/PHP,478.64
XPF/HKD,127.63
GYD/XAF,723.05
ETB/MOP,308.75
XAG/KHR,762.95
KRW/MXN,634.09
XAF/NGN,914.99
NAD/KRW,560.33
YER/PAB,26.75
JPY/SEK,910.61
LYD/TND,54.38
TND/XOF,796.60
RSD/MVR,106.23
SRD/CUC,966.61
MAD/MGA,420.07
DKK/AWG,549.41
XDR/SOS,588.54
XCD/CRC,651.68
PLN/LTL,248.97
AOA/MDL,96.88
KZT/PLN,445.36
SDG/XCD,474.97
PAB/SGD,427.11
JMD/SZL,583.68
ARS/UZS,201.13
KZT/QAR,66.00
HRK/TWD,797.97
RWF/LKR,521.23
MGA/IDR,713.93
BWP/JPY,698.49
TZS/GIP,668.76
SHP/CNY,915.94
KRW/BAM,345.68
STN/CUP,562.60
KZT/VUV,287.67
NGN/STN,919.62
GHS/IQD,866.07
KES/BGN,60.49
XDR/XBA,939.11
XCD/MWK,734.20
KZT/GHS,466.20
VEF/TRY,688.75
GEL/HTG,537.27
CNY/MMK,395.49
BWP/RSD,175.82
XPF/XDR,511.97
XCD/CUP,977.96
BHD/GTQ,367.32
GTQ/GMD,217.58
BHD/BOB,22.95
MNT/DZD,837.62
GBP/XAF,40.31
DOP/STN,886.65
UAH/PYG,31.07
BWP/MOP,680.29
HUF/VUV,3.67
GTQ/BRL,700.52
WST/JMD,139.37
CAD/SCR,107.62
SGD/VND,696.95
BND/LRD,836.12
AWG/STN,393.77
AFN/MUR,846.40
HUF/HKD,328.26
RWF/QAR,241.85
BIF/VND,138.44
AZN/TJS,450.92
LVL/MOP,543.62
GMD/TZS,678.95
PKR/CZK,500.45
HNL/ERN,683.34
AWG/KGS,528.05
HKD/RON,712.56
ARS/ARS,514.77
ZWL/SDG,630.68
KYD/BAM,756.61
SAR/CUP,937.70
VND/KES,31.61
SVC/HTG,407.86
MYR/NZD,689.16
KZT/TMT,88.04
TMT/MOP,430.65
BYR/TWD,303.65
ZWL/SHP,690.99
ALL/PYG,860.87
CVE/DJF,628.45
FJD/ALL,29.29
KHR/MXN,314.61
SBD/RUB,882.31
GYD/TWD,284.00
XDR/SBD,219.10
AUD/PGK,726.71
HTG/AOA,952.87
PKR/HRK,242.16
ZMK/UGX,898.08
BAM/BRL,72.43
FKP/LTL,842.35
BMD/LRD,209.01
TTD/ILS,153.64
MDL/SEK,37.38
MUR/HUF,61.05
UAH/XPT,434.33
HRK/DKK,688.37
CRC/AFN,717.13
SZL/CUC,339.60
NOK/ILS,309.57
LAK/FKP,327.74
OMR/MRO,371.88
RWF/NZD,400.39
ARS/CVE,923.68
EEK/HNL,65.97
XPF/XPF,668.91
HNL/XOF,731.51
BTN/RSD,418.46
BIF/ARS,608.91
YER/SBD,405.47
GIP/LRD,90.12
XCD/TND,155.41
MUR/BMD,467.40
COP/XPF,613.40
KGS/KZT,109.15
TMT/PLN,136.30
DKK/LBP,661.31
BSD/TJS,394.95
GEL/KMF,281.35
KMF/RWF,956.64
XFU/LKR,575.18
VND/FJD,470.40
SDG/BYR,616.69
JPY/MUR,558.25
CUP/LRD,914.27
HUF/XBA,728.69
LBP/RON,877.98
RUB/ZWL,370.48
YER/PGK,628.11
FKP/LYD,653.70
XAU/ALL,742.28
XPD/XAU,586.51
MXN/TMT,351.38
DOP/XPD,551.29
VUV/KES,300.71
LAK/PYG,657.41
CLP/CNY,914.23
CAD/NPR,958.63
TND/KPW,218.03
CUP/LKR,550.19
PYG/VND,995.20
XPT/DKK,534.41
HNL/SLL,633.25
MVR/NZD,492.61
QAR/AED,982.31
IDR/KHR,686.93
BTN/XTS,741.62
MUR/BAM,540.23
KPW/BMD,928.23
PEN/SBD,924.75
PYG/YER,773.02
ETB/CNY,293.42
JOD/GYD,435.78
XBB/SCR,382.97
XPD/EGP,734.39
KGS/ARS,857.34
BIF/DZD,755.19
GIP/MZN,842.13
YER/TND,9.41
CVE/AFN,337.29
XAU/SLL,790.93
EGP/SYP,361.03
ARS/PEN,790.35
CZK/KZT,955.21
RSD/EGP,663.19
DKK/XAF,503.61
LYD/BRL,804.03
CRC/XFU,916.10
KYD/PYG,312.69
VND/MYR,451.74
TRY/DZD,222.08
SEK/ZWL,702.68
TMT/SLL,176.92
PYG/ETB,731.16
NAD/INR,961.44
KES/XPF,40.78
KES/WST,837.15
XAG/PLN,124.08
ALL/MZN,575.94
LTL/KWD,227.33
GTQ/KHR,987.07
MAD/GIP,337.74
GBP/UAH,442.25
IRR/BYR,703.36
TTD/BWP,880.68
ILS/UAH,448.86
ALL/JMD,150.74
HRK/LYD,968.41
GYD/BWP,816.90
MZN/SGD,443.36
BRL/JOD,902.22
RUB/XBB,72.09
MNT/KWD,949.22
GEL/PHP,880.74
CDF/HUF,759.26
SVC/XDR,634.17
EGP/BZD,744.06
ZAR/BMD,678.04
CUP/MUR,829.42
BOB/IRR,478.70
EEK/NZD,882.90
GEL/USD,825.51
BBD/GBP,227.54
KMF/BOB,476.50
LSL/MUR,702.67
AED/RON,70.34
BBD/XTS,116.50
UYU/SLL,704.61
MUR/XPF,421.53
ARS/BOB,693.62
7AHTK,266.19
GHBOE,782.08
ZX4PD,350.21
GMO9K,453.19
VMYM7,918.78
WGNXK,86.99
6RG4N,74.53
S7QAC,214.33
RCQTK,352.87
1I27B,835.62
DQZQU,99.20
AL40U,869.33
C7BPA,549.51
VA5G4,149.99
DO644,753.46
E4NLJ,296.18
S301S,971.91
W5L46,327.27
6LJRP,296.72
JWSN3,159.12
NEZ4A,294.66
AXCGV,97.24
1DCAL,344.43
3HH3Y,161.56
H98L5,110.20
1HROW,965.75
SMSER,0.69
ZFOUO,810.34
6BPJ1,332.36
7SWRO,446.12
K4OPU,546.88
Q0D7T,123.28
L1EAH,423.17
U380A,271.12
P5DJS,805.90
PXNQI,167.14
7QNBJ,530.53
02YRE,306.07
ILMFS,715.39
KARU3,657.06
TTIUO,603.51
68O6C,615.09
SYXHK,125.83
98VJZ,47.28
RYVMD,726.31
EXQVK,358.21
C9109,926.98
N9VVK,552.69
WBJDS,316.89
IDBIC,820.32
YROJP,732.71
KIC5V,94.26
YHUL8,396.90
4WDP5,861.07
CMB4M,336.44
DHJRM,168.95
35FIB,437.65
6S7OU,188.65
TUORQ,342.99
CAW4O,953.03
AVFM1,86.30
MRL93,264.19
EOEA5,881.96
JVXW1,906.75
8N41E,288.74
1SS0Z,975.92
0PQX7,446.16
OVJQ0,278.40
MZYGG,344.08
WFFL2,586.32
FR18J,765.65
VPFP6,665.84
1EU5M,611.88
W8N9C,639.66
H3OIP,555.61
SL1FC,679.57
MNPXA,971.42
5DO7Q,297.15
V55SF,435.25
VTA0A,751.99
R6DWT,38.77
KLUEN,448.00
QT75Q,493.45
S432H,512.05
ZZCS1,713.41
8H645,452.62
JLF9D,726.39
I37HM,562.10
YR3X4,934.67
NYY7H,636.96
QLJ83,729.49
ZK09X,341.87
OBP29,963.08
MV46J,762.36
O7X03,570.76
P1SGU,339.31
AAROQ,733.13
G3BJA,219.08
SPWOI,758.54
5E942,750.39
6794O,912.05
860Q0,648.59
35IAP,208.60
Z9XUW,730.57
18HWH,54.66
DAOC1,66.87
WK1YO,482.38
41HW3,757.24
801P2,305.46
WWS2A,656.88
KI90Y,197.53
EK9HW,140.50
UYO22,753.40
1QLQB,590.99
YZ326,914.26
FVU57,638.30
HGXHK,770.74
O9T0B,369.91
RSREJ,193.34
6KDFD,836.12
IIYA9,249.53
EKPZK,884.06
3W9KL,343.72
8V1X8,707.13
THH0O,856.83
GLTW7,423.78
YXHL8,702.75
GB6UF,849.52
372G1,68.90
CN4H9,216.30
W9L3M,946.44
QENVJ,752.34
HW3DR,538.62
Z1DI8,684.86
4G5XL,839.94
L5DCN,390.18
9TPO3,239.40
V2HEC,762.88
F1MK4,457.39
UJHQX,646.54
HUU1H,970.24
OZZFC,969.15
M9KM9,256.64
75445,277.80
NEK3K,439.43
1E60Z,589.00
UKQ53,588.47
UXYHC,372.09
OB33F,848.10
B7J0A,932.46
G6TH5,568.57
POW30,363.22
HAB4I,25.74
AXNHS,922.41
VUYHM,500.86
86GNF,28.00
BO8W2,304.87
8WRLK,501.47
OLMS1,873.74
986PJ,630.88
YW84J,364.12
LQ6FJ,632.86
V7J92,688.34
672G1,89.17
1WAFV,710.44
SNNM6,445.19
M5GM5,601.88
5OBDN,68.54
LRN1I,751.05
ILV18,524.08
3EQTZ,398.90
RFZC8,7.86
LMWTE,912.53
4FWRF,546.79
S1D43,865.89
C0E1R,280.38
CR1XZ,627.42
JMZZK,65.92
ITS2N,267.70
5XSQ2,267.83
4ET36,835.31
UMW4F,330.66
4BLBK,1.42
WWNUF,136.44
QLDR6,647.72
SD9OI,583.22
29GHX,726.60
07SIM,616.20
4NPPV,184.01
75FJN,811.94
3GOJH,85.31
AQH1A,737.93
DJK1Z,889.14
N4GWC,826.51
L5GVC,282.43
VW1C5,337.37
GYJ80,280.81
U5O62,167.47
82C2U,567.36
SBJGO,994.24
XGLHN,987.11
U7MFG,519.93
VP5OL,621.04
OZ422,324.02
EI9UL,533.56
W2982,560.71
084BH,450.69
4XL04,478.94
K0RUD,56.53
167C1,220.47
SI331,400.58
4JH9A,238.95
ERP8V,233.77
KC25A,605.91
WPK4C,795.57
WXVTW,33.45
MDLFC,631.44
D7UH5,551.90
C0LHY,441.45
90QX8,127.22
HMI8U,718.58
208AW,985.68
MPCXX,884.53
W8FNJ,939.11
HDMMN,438.77
0PUSP,660.97
VKPBF,118.72
AEGYO,86.02
Z2RX8,264.37
ISGUP,528.52
4RHCP,999.58
2EOZX,459.95
JNV81,498.56
Y6DUQ,273.47
8XSQL,280.72
J57MY,315.38
IGO6C,709.62
0T9RG,677.40
X9OBU,602.88
8T7FW,87.01
FXIOP,132.53
9YK0W,247.66
UHXWP,559.67
URTYC,963.53
MT6NS,411.37
1XVZW,846.37
R0JDP,504.16
3LE8U,283.23
4XE0D,30.93
U2R9S,248.97
HQUCD,705.93
P1GV9,728.90
061W0,726.02
TSM8U,440.14
9K1KN,275.65
E6HUD,1.43
EKQSQ,635.40
0G60A,681.93
BFIER,885.24
ZE6LU,872.59
GUMKR,441.99
W1Z8Q,364.67
SWLJN,214.58
VBI36,528.01
UROM2,220.90
Z5F9A,940.63
VAYJU,740.38
USVXK,960.30
5U2OT,325.19
L1DXP,480.20
BXHB7,323.83
2LJML,954.04
SM5FX,949.03
V5RQA,354.43
MVPQ2,994.70
V1E31,470.92
FWVI7,426.01
8T1HF,921.00
31CVM,527.74
BHP6E,592.41
JWL86,156.81
416KV,835.49
WD5M4,55.09
3PWQV,15.40
3PJST,822.59
UMZ50,270.67
RNTFZ,733.93
BBEBD,58.43
BMJO9,997.81
WFP3M,279.28
KNZ0C,679.98
ZOPXK,27.69
LQXQF,792.16
PZ661,730.29
PGCQY,645.02
4DC6S,767.86
L0276,33.08
6MDN0,31.67
ZMJ5D,742.63
DFCX8,470.74
85XOA,105.98
0P6JN,543.86
1UOP9,958.04
B9DAM,550.74
AB5M2,925.14
RW1IF,751.89
G7VA7,779.87
DWTCU,371.59
MPCUU,445.44
VVNGO,804.73
FUEZV,575.43
XJ723,714.40
90VV4,666.26
W7I59,292.84
MU59L,715.78
SSKCD,606.50
4VL4M,309.58
FEXQ6,199.18
EDQOL,705.42
KU1GC,950.23
H7R39,206.70
LJ2OH,681.95
AOA5C,962.49
YL4EU,45.91
9HRMH,800.22
5J6RL,296.14
1FSH1,161.88
6O1IP,218.74
N7HQV,709.41
RTI3Y,226.84
GZQ1Z,437.84
GNUJG,394.34
PBJR7,178.37
E3QJJ,57.01
L769L,486.42
8DFGP,612.96
ORFA8,877.45
4W3MK,504.35
XDF9R,90.26
0FAIS,70.70
ZH6FJ,490.80
UR2ZP,362.34
5JQE3,612.99
DBGU5,193.09
ITJCN,703.85
XFK52,965.58
23VPE,873.51
0LRUO,499.32
SVDWY,14.51
9MGSJ,38.52
48XI8,458.28
WNUBK,833.91
57SDU,326.25
T7XPP,792.41
YUNTE,264.04
AW7O0,424.03
DFXKK,581.37
YAXV0,912.13
2XIX6,750.52
XY142,629.00
9XQS5,590.00
6QZ8B,561.14
HQ8WU,662.18
5VYUE,218.60
B5DB2,366.89
PPIT2,181.09
C2A1W,536.03
BUR9Q,97.18
88ENR,806.41
WJDYL,102.82
K4GL3,729.05
SVCSV,805.23
N9DKA,108.92
W6JWW,634.72
RMA5O,459.43
JQHH0,844.36
20T0G,68.97
XVZQQ,769.40
DHLSU,342.06
GF5XR,834.64
PR6ZM,422.63
7SZ7I,662.56
7A5DQ,204.23
Z4FXS,670.89
V4Y2G,768.56
WZSZO,603.93
1CQKO,68.10
U7HA4,385.96
3XN06,792.96
RC3BW,62.40
GR9LC,31.59
XLOHC,965.32
KQRKL,753.83
E2WRO,461.25
A1B1A,480.70
R0HNM,929.66
OVCGR,700.16
TZVRG,394.38
PGTA6,826.20
FAO3Y,522.77
LKG3Z,429.55
ZKEKD,776.33
OGTEF,692.90
WWDAM,911.69
DT0GS,309.47
VWV8Q,653.04
R60SM,724.98
M9SFO,691.53
D8N60,332.98
N6BHU,419.68
K7FUL,355.06
F8PMW,811.96
L56Z4,570.07
SXTSN,915.88
D2M8H,206.37
09S3B,927.44
2PI1N,356.91
G19N6,991.29
WPU25,450.04
L1GBB,762.95
1ZRXC,112.99
MLM6Z,150.06
ZJQH0,304.22
PYZX7,744.02
RIM09,71.23
24WYW,763.73
YS26V,51.40
OEW8C,647.67
IGP03,154.01
03NI4,529.76
BRVGZ,144.20
TRNCN,674.58
O9GCA,943.20
S0BWW,819.29
MW57O,405.09
QAGE2,646.30
H6U6Q,969.66
QCJO2,292.53
N6T53,361.43
88G25,115.52
PEHVO,878.95
RSCQW,376.57
N0RW4,52.99
ZN6G5,373.28
RSIDY,707.33
9IC5G,219.63
1T92N,395.25
7AMU6,837.95
92E0A,254.88
6SSAX,553.27
51FQA,572.75
HJMGT,708.87
Z6OST,944.34
CWNM7,63.25
B3BPZ,409.77
KCYPG,279.49
8LCE9,472.11
VBHMZ,948.89
64G53,840.47
GR6RL,545.74
P2NF2,601.64
ZYBCY,77.31
G925I,537.52
VADI6,803.21
SD49E,275.48
8M8ZT,680.48
J1R2E,868.76
4IJJM,750.78
TRY8V,510.80
BKPH7,560.07
0AP20,957.78
3MOTP,64.38
B59LG,629.86
NB11E,334.52
RR1ZV,884.00
MQ0XE,736.43
RO9HW,97.08
17CUX,930.93
BAOSL,36.68
PWOQI,851.60
9U5HH,368.48
9V2UC,213.46
VNXGJ,392.79
PVMUW,600.75
NLSS6,957.01
PJXY5,435.33
MPUC9,730.24
8XKH8,879.96
5943S,409.52
WHNDF,125.59
ACAOR,174.19
7A68Q,20.77
L291P,452.06
J4DVM,815.69
IXOU4,513.88
RPP9Z,801.64
LC9FU,839.05
KGLZ4,249.77
407RU,97.80
04V2M,26.86
GA62Z,350.87
IDAKO,644.47
FZJYG,327.15
C5MD1,694.81
5RMT4,595.49
J75CK,508.37
XBQNJ,79.01
WZ9GX,609.82
SLU9L,179.24
E0L3J,673.35
I7Y7R,182.41
92WBP,541.18
PAYNA,912.20
FB63J,988.87
E3F5F,177.26
39EJH,388.18
JKOZE,684.53
6JLL4,936.77
KVRT7,846.20
TUXPI,840.16
OGHU2,950.24
9CEGY,988.80
H24E8,341.27
2E30N,385.20
OWA5R,385.89
YGJE9,937.00
6QUNX,612.31
Q976Y,814.17
DH34W,820.64
TCBMP,82.36
8COY7,897.38
BFHE7,847.30
6BJW8,833.13
ID45S,9.83
5W7JL,500.73
UXF4N,724.01
GGL89,886.31
5MXP6,697.98
QHYJY,5.26
PC0X8,448.64
NY2D4,356.31
89BML,120.41
HWN3S,700.72
5PPNL,736.17
KDCH1,943.18
22RIO,633.01
WK5RJ,108.57
KNV52,463.20
UFVJC,638.43
2TIZK,125.70
5N50O,117.11
OZGZ2,902.28
FSSZR,403.57
WK4CW,257.64
AUU3K,76.62
LTGE4,362.07
M6W5V,303.20
B23K7,941.95
C8KBT,308.92
GUGJC,658.49
XYAV3,896.06
80XF4,264.84
36C0F,789.19
QSJ22,96.88
76Z1N,775.97
CIKPS,335.11
IIZDS,708.05
XVJAN,902.37
ACZAC,488.13
2QU48,453.24
DK96R,501.88
UQC5B,986.55
N3AEN,931.51
AESEO,397.57
7QPDF,483.84
IEXBB,829.82
5LRTG,288.08
NBS3A,605.10
PU88P,442.02
2H5M3,752.88
EASSR,828.43
QAMWZ,149.12
D1GVJ,175.74
07BMU,694.94
X246N,965.25
6IDJ2,995.10
YF9K7,443.74
EOSV2,575.49
S7ED0,933.21
TH532,138.66
DVKBM,420.82
AFSLZ,944.36
LES2S,389.05
AL084,346.77
VSDK3,552.58
V61BW,91.47
33A23,331.23
BXJ8S,603.84
UOJPV,960.20
A3JRI,608.07
P9EBL,924.95
X8SXI,206.20
E7ADC,975.06
FLSME,185.19
DXNLW,623.82
61M1K,130.56
XHURJ,970.77
EI160,6.00
D0IWZ,773.80
4TH34,246.80
3U7NP,73.99
G0IV2,698.10
KV22T,499.93
WFX60,556.04
6DTIV,830.06
I8R66,746.94
11WYO,89.10
AZZ8F,94.25
101LC,131.63
85LLW,780.86
E4XOT,891.37
0COFT,132.56
PYRWJ,969.17
E3OTR,349.47
C855K,32.43
BN89H,557.52
7E7UI,597.49
IWY9G,584.74
JE35U,844.99
5T6OQ,392.37
5EMNL,498.60
U17YZ,684.25
1JSOX,644.90
T5TD5,833.95
VSUQN,827.92
7UIT8,622.23
DPP7S,174.05
1O1EU,990.55
PAWJD,71.12
NZXK0,834.69
NZ6H9,24.34
TZ8ML,437.74
UBDL7,801.69
O4Z2J,686.41
TMA3G,64.67
CFCY5,722.72
AUW6S,444.43
PDMZ4,833.01
WSF38,516.72
6T55P,805.63
3A85X,2.37
7TJD5,236.98
MVGRW,472.21
OPMX6,179.34
H8J00,716.70
RZ1OZ,792.39
JCNW4,237.03
ANNW8,625.59
2UF6S,152.76
N0NWT,66.30
ZK4EP,533.07
LUQ03,386.03
7CJJ6,161.01
6ETM3,381.43
N5FFZ,748.20
MXJUJ,389.74
GEZU0,53.20
YRWCH,665.98
XK31Z,728.12
AMITX,207.83
5FUKJ,572.89
FPMW6,98.55
Z4XXX,23.13
FCXCU,296.94
VMSSN,756.53
PPSIV,453.64
OYT4T,330.88
HG07T,282.76
AZY7X,284.80
FG6HV,309.71
HZXJ5,113.09
OIYZI,764.48
PQWKF,68.02
VZLUV,39.36
7QTCW,390.00
FYVFN,261.61
XJS0T,212.04
MQIMY,465.56
X7QYX,117.25
NAEBY,35.53
GZPUK,385.19
72807,548.46
XGGP6,837.80
4FQ4T,4.81
E20J2,301.62
390LN,638.31
0N7JP,276.73
FM96X,420.26
DIYMB,938.21
217DF,674.93
AUAS9,669.51
335N7,778.45
1WLLB,104.89
89TOP,308.88
2POZO,232.74
OEUZP,903.82
YPJNG,213.85
EEW6L,175.27
27EB0,422.81
9JE9I,263.06
9T8AO,461.51
88B44,954.28
EIZTV,340.79
VYNQN,843.04
XQ241,953.21
96EWZ,768.58
XJ4PL,318.00
NY2JA,121.65
YY4V7,991.43
1O95Q,486.59
0GCA2,177.70
6N4R5,587.65
SOX48,548.72
I7GXZ,692.59
NWYKX,822.64
9I41A,24.43
W7J09,260.75
PQ5GC,18.32
T30Z1,995.31
4HXC4,118.22
IMMPI,176.91
6T5WZ,910.62
UW602,344.55
DLRZG,609.87
4LV2K,640.20
HHT5U,334.64
KUTLU,659.59
UPCFA,759.14
TL1A1,806.61
GXCG2,486.18
00GH0,47.76
269BX,36.76
9S5W2,42.74
9ADOE,854.19
31X65,574.02
0Q95M,430.92
XMZIV,207.67
IUR0N,994.75
Z3B78,51.60
4RB3D,533.04
2TW62,320.30
2FC70,155.08
R5EM8,428.83
E6L3P,451.62
92SZH,497.23
D7TFA,81.86
OP5XO,229.73
BRX33,412.31
XXNOC,486.25
TCILM,208.31
40O7A,643.07
3P2XD,195.54
0T19R,179.96
T5APW,304.59
9PDJ4,86.16
3VZCV,550.90
4U89X,609.73
DTTQI,730.93
HOPBN,202.84
9XCQY,618.57
SLNPX,108.99
GCEUP,558.87
IR5KY,315.03
UOH2H,505.25
IWVWI,438.83
1COHC,140.94
RTKQS,544.90
W4NUN,694.53
UMPT8,118.56
Z0PZP,391.72
X53G1,816.76
6P1HN,266.00
KFDRX,966.71
F15FO,462.27
KTZ97,797.92
I23IS,21.82
SCJLX,481.78
19CF5,892.92
YA80W,112.64
TW9T6,558.34
UZWP8,104.91
3WQPJ,247.29
FE3HS,272.89
32VE7,598.30
KN4NV,843.11
P2V69,852.23
X01NK,856.80
JR921,738.15
Q8464,768.04
VMFGI,23.12
IZJ8B,821.18
G0T5J,476.74
QVLNF,791.91
29VSQ,433.03
XY3K0,424.05
3L1SQ,761.44
42MK1,840.05
35BPN,923.59
AK3AS,12.80
5U5TA,356.29
23VZX,536.96
EL0LY,535.20
N1KGO,293.74
0V0RE,94.53
DGEQK,391.56
6XYLS,377.07
M6KJC,228.82
UMNEN,717.69
8AZUS,506.68
297KQ,64.33
JT45Z,69.11
LSABI,716.81
IRD9F,618.29
69V2B,644.50
O3BFM,513.66
RRW7B,861.70
ADIBB,285.97
H77XN,716.73
MFWMP,662.14
JR9YA,586.60
MKY70,284.14
8IZSI,806.75
WMETR,926.50
8NDIK,95.44
V4TC6,570.54
9LFFS,340.02
T760S,474.09
E122U,533.68
2NP8G,38.22
8K8F6,36.48
UCV10,181.78
6ILT6,558.20
3ZPRB,880.13
RYUGB,756.35
X1NJP,21.38
7FER3,569.71
20AJ3,953.54
788E1,178.37
9G71Q,206.74
V6ZNV,466.03
IJOZ1,623.40
0QO7Y,139.11
ZK8LZ,231.48
DZPLS,703.70
IG3BB,954.01
IMCTG,104.38
8P0U2,858.46
V8Z8Y,147.41
XA3G5,919.38
V5RP0,562.35
M1Q4K,475.46
AOVHX,123.31
SJB50,261.45
IZ3WS,426.20
IBTYO,72.15
6DCJ9,730.21
VL667,608.70
3N145,198.30
CH8SR,523.99
MJNMM,51.54
C5LRM,902.98
627TG,695.14
3T5EA,679.48
H0LOU,470.20
UNH38,882.55
2U5SG,510.91
QBP7X,836.68
DDUPH,861.94
MPWSE,623.13
B850M,943.94
WNQBX,908.16
YCDTI,107.61
9YXLK,509.99
FDRL6,196.11
ASERW,963.19
HPUG0,145.03
B2DF2,575.27
6G95T,222.79
601W5,141.43
QDWAP,466.16
PF5SQ,481.56
J09PZ,326.68
67GP5,614.30
A6J3F,475.87
07BK4,561.01
M1DHU,58.47
Z94KO,296.75
FL38G,453.93
2WLVH,684.20
BOB7E,291.17
NM8E9,961.01
SWIF8,755.24
DNYNP,654.38
P7XSJ,155.20
61I17,563.05
KOJ4S,928.26
GBFQJ,459.63
8J81V,761.28
GZO2J,821.15
T0BAC,443.10
Z7MRJ,267.69
NVF3R,996.52
W2PUX,524.28
6FSKH,975.43
752BQ,654.19
K7ITA,367.86
9DPMS,613.32
U3DEY,65.34
7LC7G,463.00
C4CJN,927.12
CN1ZL,154.94
9H4YU,385.91
RFN1T,56.88
QK2OK,57.83
MY0NZ,569.98
HPEWT,576.30
L8LT0,80.84
SK7L9,203.61
RNYU5,909.19
O977K,824.08
TXOTE,214.16
FOCDI,382.76
DG70I,177.74
DN1BE,331.96
82OIM,982.93
VPL5H,152.92
X6BHY,453.23
49JRI,354.79
OXLV3,633.06
HK0HI,34.94
R439A,685.40
362PO,814.00
2GWVQ,401.64
S1QFL,698.33
BLSHT,198.47
A8510,485.04
SF07L,802.40
M9NON,638.87
X1Q2D,821.68
RO688,193.16
2LX9W,445.15
DJJ6S,231.41
ME2VM,990.92
1FSRW,757.07
H63SY,136.23
IEWWU,575.10
7YLJP,698.37
NT2R0,596.55
L3FAH,585.22
IY8YJ,986.75
YGATS,847.42
MWOBC,256.02
O411S,852.09
9TYNQ,997.07
BOI92,228.94
NVKZJ,884.93
EHY42,818.78
O8XPM,192.32
5VZSC,992.50
4A9W0,501.27
U6M4R,914.63
X9E75,258.54
5BBZW,432.28
8K0AE,428.07
15LNW,241.73
4XIVS,340.94
7D29Z,984.27
AXIGE,358.55
UOOS8,859.35
SFCUT,84.94
L89PS,773.89
W92TG,441.98
50MOE,381.92
MNWJW,716.03
Z1EN8,378.94
W1A1O,982.75
VHXMR,391.84
52N64,420.67
EC3H9,195.73
7NFVU,407.83
EN8EC,454.55
V5ADW,856.68
0NZ53,769.56
6S4K9,646.31
Z0IXQ,187.52
TQPC9,429.37
H48JI,961.91
15CNE,404.57
WKFWV,469.39
XZSXI,610.08
BKG1N,646.36
H6KYX,320.41
SCW3Y,278.53
Q13SO,186.61
IYCRF,799.14
XTGYN,562.85
KBFR5,515.35
OHV5U,795.29
ORWS7,590.83
5127J,339.82
AXUFY,737.20
OSHVJ,500.28
NIECU,212.86
B60ET,405.44
BLVLC,874.10
O4DJM,136.06
HAEBD,618.13
KOIKV,246.19
VZFJW,493.10
B5181,398.11
PXI20,996.59
2SDIU,584.67
QCW9I,46.72
L8762,57.95
T6KY8,488.97
0Y4YK,785.97
QP1TL,240.55
LT6KS,812.35
NI0LA,379.03
EGJZG,579.70
8XJE5,889.16
CCU68,545.82
YNR55,418.68
MDACE,163.81
TPNU2,795.61
VAIBL,61.51
AVM6Y,437.50
9DC58,192.33
WPJQ3,183.61
WAEIT,828.98
KZ7IX,905.32
89CE6,400.44
094C2,817.00
ZYEFB,114.73
Z64TO,119.48
89TQZ,269.29
OM1AA,433.45
OTHU5,782.08
0ZQ4O,555.27
5PAJ2,825.85
67ZK0,786.45
F57WM,223.21
1KAHJ,820.44
AUPHK,268.15
VD8BZ,613.49
7ZOZM,61.69
T2PXK,273.69
2R556,220.58
D3T2V,697.64
58BHT,13.16
24XM5,322.30
AF8BG,702.99
DWK7T,416.26
2UP95,11.13
06Q00,450.66
JO7CF,191.38
UDDL6,81.59
VWDGS,49.04
GZA12,609.83
LUCCM,812.59
3ZTAY,698.55
7WDD2,425.80
6BFA1,62.57
GNOHV,664.12
2JF4D,492.78
149SS,596.16
DCFKK,767.67
568MW,931.99
42FIE,938.47
XYP60,219.69
JDVY1,352.53
OR8C5,458.47
U88JF,257.08
SLOJK,553.18
C19XY,793.25
1TWIN,665.95
HSXYY,725.38
7IKH7,150.53
EI1NZ,550.33
S6XKK,733.92
S9D9U,787.83
X9S73,216.92
PMNU1,494.68
M49J4,170.45
G3WJD,506.68
ZEH2M,202.33
3C4B4,984.18
9KC9J,805.87
MVNMQ,664.07
00223,928.10
I63IP,187.69
55TSG,384.40
8GOTH,172.25
4WSU1,742.69
MFG6U,127.30
XZ2S1,360.64
UNIU8,160.63
RH5L1,156.32
OJ37W,775.37
3GLRZ,17.33
IKY45,294.02
FD354,341.70
R359B,282.11
P4UP4,477.96
ZMVO3,660.64
LUBRG,863.83
VOYAJ,445.91
XU0SG,863.09
QMM3A,217.88
S8B3Y,784.71
B3ENZ,466.00
7SU92,931.06
S9D5M,498.72
97EI8,875.90
7VKLF,24.76
Q6IT0,481.63
71YXL,931.12
EQLDT,892.12
8U5J0,157.44
Q6ZUM,290.45
NPBGW,611.98
FUY7S,961.80
GR8NJ,267.93
6QLJ6,10.37
00R7B,31.99
AJ2F8,968.12
V01U6,286.22
50JSL,514.39
KXCL1,425.87
KNOD0,432.61
LG5AZ,505.32
PQYNF,569.06
QELCV,375.16
O3YCW,533.00
FH8XY,439.90
OZJU1,446.13
SHMMR,934.81
TKBXC,16.73
H03FI,509.81
7MZLA,642.85
46YI4,756.42
CTZLJ,121.09
BZSCO,587.99
EVWWW,879.35
CRXVT,462.10
PIW95,256.63
EHLHY,885.69
35BVZ,296.35
CVIVV,717.92
6K9WV,645.67
A4ZLK,429.53
5Y8P2,268.51
HX40W,998.88
EJZ0F,484.92
BTZO8,405.35
VUWFD,332.23
5W4LY,73.77
AE253,271.74
4VXJP,445.96
7BIU5,692.52
YIYLG,577.61
2ROXA,931.52
6OTYY,437.21
8D455,785.28
TAA4K,279.39
EH4AP,896.93
2MDPM,555.90
NACDI,965.72
8Z1YN,436.01
L1RNW,578.63
NJR6R,546.82
D6TNC,914.39
BY19L,382.31
46BCI,514.59
S358V,534.04
U8MUB,490.89
SRT8Z,373.81
7XWA7,388.57
PGVVK,548.27
3RTZC,775.36
Q5HMA,82.44
IHGJ3,989.88
V0X45,796.47
I80AJ,780.21
V5L1M,3.08
NGEDU,236.81
A9C2Z,570.18
ORK4F,890.25
SDU15,127.64
QG6MM,107.67
0COQV,372.36
N09VW,663.07
SU5YX,570.77
VT3ZR,817.30
JPBOQ,65.24
IL4Z2,824.90
JS47U,683.88
0NSV2,802.71
3SLEA,599.96
GHPMQ,565.17
V6UZH,700.73
QHKFF,919.96
SDJ1R,860.34
MBF9W,139.29
0WX2Y,98.85
BAR0I,515.14
YJ836,886.19
V7SRG,484.30
FE3CJ,950.88
C62DP,914.46
5G2Z8,958.42
A6I54,685.20
YKXVM,723.47
ULCT8,670.60
8AXL1,610.08
41NEN,587.73
Y6UFI,135.05
2JR0N,657.01
VASVS,782.20
6MQ2G,42.58
B4P2I,326.75
ERD2V,665.65
I8CGV,838.08
9GFAJ,328.33
L6QXN,206.27
XBMCC,883.74
ESRXX,343.62
QGN8B,565.02
DSS7X,449.34
TNP77,709.14
4HF7U,807.02
GQWGL,571.09
42B53,788.62
D2BI9,983.10
0XVZC,74.63
1MW12,162.47
2310E,129.53
JW776,657.18
PFI4C,681.35
3WZDY,487.94
JBRV4,350.62
X3TML,85.89
5JMXT,939.37
PL53R,213.19
BANZV,149.25
ZIHI6,687.16
HIIK7,939.60
GY8BO,900.16
5G1V7,207.22
0EC4S,477.51
SE6U1,689.85
M5DGC,26.87
0MAQF,20.52
VOA6R,557.38
SK7CU,238.42
RXX53,35.08
YBHRH,81.88
U2G71,532.01
D4OF4,933.02
SCLYU,215.11
7Z3JO,171.51
YBMTM,321.17
XYGHH,34.96
7LG65,241.74
NPYE9,107.44
N8A91,387.32
CNCNC,896.58
7G1E9,740.38
B4OSJ,595.98
U9CAJ,447.60
WDMIR,458.20
5ZXR1,477.87
IJ3BX,975.65
0TAXI,294.26
XARUB,691.96
82ODT,240.86
0QYZY,726.29
HQTGL,624.89
HK70Y,179.08
Y89P8,519.11
34LAD,944.14
7R7JY,443.46
YK0RT,357.80
WIKEF,971.83
X4IR7,19.29
RU8J4,780.15
ZCOO7,550.58
BLC1F,231.24
HRIRP,744.67
FJXRT,39.55
9026I,80.59
W9SIL,597.53
C7S5S,724.16
Z577Q,466.24
LAJM6,316.43
ILERX,29.45
FYXAW,50.93
ABNFS,697.62
OH0Q3,105.74
LGVCM,761.93
4BVV6,790.58
1OEYX,199.23
0XMPU,304.19
GWUJ5,759.61
EQ0JS,19.32
6P24E,211.98
S7TN5,51.22
2KNL7,726.26
HGA97,865.41
K9VO6,997.56
LVWS3,308.79
Z8V8A,456.99
F1XLP,352.93
S4O2M,413.90
XK6QC,270.97
ZFX6K,728.05
F3XG7,963.37
Z7WNI,63.13
K0V8C,222.46
FVLYU,327.30
P7FRJ,836.75
VFU21,665.34
YKCAP,995.70
IVSGH,556.43
QZ63R,367.01
UQ9VE,860.67
4LMXZ,753.71
X9G5T,509.41
HOSSO,977.83
DS2BO,662.52
ZRKEI,189.94
5Y33O,28.66
0OKK4,519.15
VIG7Q,417.15
FJ0DE,728.53
08PZ3,744.91
C1AFM,139.28
0BGO6,598.19
CGVAQ,952.51
PQT7Y,807.31
XZU8D,728.93
5NDZK,824.32
9UNFA,365.83
B4SCF,747.12
89WWK,730.76
U6FDN,623.60
9PQGO,244.60
2JX3Z,310.25
BFC4P,195.28
HGIJF,588.37
A9RNH,66.07
QT8DA,987.80
7YTY2,475.16
CZMD0,778.45
18I1D,925.19
O7T4F,125.24
P7M27,203.52
I2399,747.76
7F75U,392.60
PSV6G,158.65
GER3T,458.27
VO86T,541.81
LOWOF,748.43
E0WXY,202.90
0LNIS,807.62
T47S1,280.13
D6RE1,937.84
X4Z2Z,935.78
ILMM9,685.37
JF8VT,526.05
8GBKV,588.77
488XV,365.18
ME1Q2,110.62
XY5X2,415.15
EVH6B,598.37
GOTMU,12.43
3HWX6,299.52
21II8,248.59
K40EC,825.67
PKC5H,743.42
A7WOE,616.08
ZQ3JY,443.46
JY4MH,314.13
0LQ6A,389.45
S5RTP,596.44
FZ1VK,202.14
SB2PU,553.50
BSNUD,740.70
GRHU5,491.96
UVJ8A,603.30
TCCI4,541.39
5QCI9,391.52
5AA6G,205.60
4DLU4,793.87
CET3I,349.04
5FN12,187.13
MX0DQ,75.89
23JSW,162.93
B7FN7,939.49
11TOQ,450.63
LSBE2,685.76
8GBFH,308.81
A7H1A,624.88
7TMPF,669.22
XQECT,999.60
J6WRB,700.89
PWWHF,877.18
1934K,60.02
RG9S0,180.08
C9L7T,912.76
L9IWS,825.72
KZ8N3,954.94
39O0I,922.08
NGV0A,649.18
LQHOL,542.57
KM5H0,14.81
DAHWJ,227.67
RI1HJ,358.98
XYZT1,606.45
THOO7,605.49
JKYFT,726.63
JCSEH,197.14
ZND6L,443.82
KVC1D,82.07
DITNG,984.67
CVTMV,197.25
QCGYG,159.58
OX1M5,316.75
6IZUO,66.11
GOGN5,411.24
BDNYS,936.54
NK8CM,136.59
9Z88K,309.09
O27M6,375.05
Y2H1W,57.66
P61EE,307.26
EJLZH,818.57
RDBWQ,644.91
JUZW5,389.85
2KIW1,895.55
GIXSQ,324.95
ZY0R0,493.48
A3BRE,560.62
6K3C1,579.20
J742M,777.58
ILCD7,586.45
C8BET,469.44
TL1J3,556.41
4GNNK,251.30
L95AW,334.23
2B2O0,959.46
848SN,716.91
SVZ8B,556.47
VAZ14,334.01
ADMD5,724.00
4EFAG,488.61
XO9YY,864.99
P6B9H,542.81
QX7ZR,684.55
IUIA2,802.35
PU67A,541.31
OKJFU,560.43
JFYI9,0
DQF4A,768.84
EYQVY,976.22
TGCHA,689.13
2YYKY,645.85
GMDA4,547.04
KL4PJ,591.52
207IP,235.31
YHSP7,196.24
0NWQH,582.76
S5X7F,969.12
QHNM3,710.90
97D2D,280.54
8R3SJ,233.14
NBJ95,636.52
OH0IX,864.62
B3QYI,304.50
QIYIM,398.22
U3HGQ,727.82
6Q56K,603.17
ATQH6,65.46
BVZDH,731.88
YYKCK,451.79
2REE0,219.62
T83AQ,580.12
GPC9D,975.08
PI94L,651.05
KP94C,569.05
G043B,442.27
VH4V3,275.76
Z2UEQ,960.36
DOHDO,587.51
OL6D2,354.24
3V8FG,764.52
UUUEH,499.58
PD7UJ,791.79
6BSKH,602.98
F7P3T,88.45
M9OPO,940.60
G5NJ1,922.40
895IR,964.89
65J14,15.99
B2RJF,138.00
CY1EK,376.70
6A903,747.79
Q0W7D,845.57
Q6VTL,53.47
FP5RI,490.85
PLVMX,852.10
QHRG4,0.37
QIUFA,238.31
M6A0L,286.34
3G59X,74.53
BJ67R,938.14
BTB3B,494.98
TKPN2,262.03
RR15B,317.05
V1KQR,756.60
4OCZQ,109.01
Y890J,670.77
NPV5S,895.99
QXUM2,22.48
NQ9WT,793.03
Y3LFS,920.47
P798B,622.40
6VR0Y,381.61
NK7LR,356.66
XVZZX,516.02
BQTM8,733.57
Y90JY,844.73
577I3,261.64
KGTZX,216.05
OP3LO,457.62
C71Q4,805.42
JI1KD,638.28
EASXH,49.47
GRBW9,593.88
E2FHY,75.09
VYB32,471.83
E3IQR,734.55
4ON0C,921.61
MPKRK,160.19
AT8Z0,716.95
78GI7,441.90
4XTSO,37.45
303BG,674.02
RB9EH,512.98
1YT6V,416.10
K7T73,269.54
ADCLC,237.55
HTHGA,474.73
GOYOY,846.38
Q1MTF,979.43
UT4ZQ,269.83
FQP7M,26.41
I3YPF,942.42
477MJ,222.95
C8ABX,217.52
6BQ69,754.30
E2BIH,366.18
YWBQP,488.91
FLD31,537.46
RWXY6,757.29
941A0,7.37
Z1SSO,738.73
Q0T7Z,22.26
1IOC8,828.72
HCSV4,269.10
D008A,299.86
CVFYI,445.51
PQTUJ,668.15
2QZ0O,241.96
ARZJL,284.77
JK4M7,374.47
JULVF,749.15
Z9FZT,735.80
Y07FV,305.53
RAY75,351.13
BJJBO,883.03
TF2KT,948.38
WXD8Z,868.63
2ENNG,940.56
OOUXU,246.47
Y9MPD,496.02
QGJ7Q,370.00
CCUT7,415.26
4CUX4,236.62
SZI68,187.78
QYTXL,779.02
6KRDM,695.86
N2CKC,826.51
4B6DE,376.36
G5NEL,320.79
8LY2V,105.65
IYRUV,245.64
KK80H,384.15
DLCWP,402.91
8ATY7,709.58
TZYZO,703.17
CIB4D,15.19
1XC9F,845.30
X70EM,243.88
128WR,116.24
TADY1,824.03
Y36EB,569.40
XDFZO,232.77
1TN3X,561.61
EDE3Y,604.96
2FVQW,520.68
1NUW9,290.61
6CWFJ,636.89
1O5EM,871.82
6IWDQ,334.50
2KSV3,805.92
YQAVC,497.55
3CXUZ,548.35
B4RY4,290.98
V43HG,261.27
WCV2P,637.37
IHHNM,323.47
D188T,785.64
LB8Y8,640.94
9ZBCN,490.09
375YU,604.01
O08X5,619.00
O9IEP,291.80
WT9H4,921.18
MUBKY,179.12
EUH0F,128.83
VM3LS,365.00
0ZV5U,332.89
TBB1B,595.95
8XW0Q,647.96
6IEUM,867.84
IGRSR,103.07
Q8S2Y,624.75
JHMNT,824.32
6Q9QG,422.44
WCMMG,926.62
GRKIY,137.23
J5DVN,853.66
4R2Q6,631.66
F1N1E,667.10
03IQZ,488.41
USBZI,58.97
044PU,954.69
V4NK0,41.86
R96UP,514.86
V2L3D,608.10
2AZ0W,697.29
02A49,93.17
79UYT,141.64
7C16H,72.21
O8FAS,379.71
FRVGU,229.54
RRDMT,204.36
RWMRI,753.79
ROQIG,512.23
3UUBX,205.04
0XWI4,277.60
1MZ2N,311.59
BGO1S,382.48
2IJQR,476.13
AI6T7,155.68
WWOH7,957.72
5KUJ3,40.94
VZ51X,223.86
XBV7L,466.66
0PAQ4,702.85
JEK5Y,872.80
RKNST,724.03
17LZ6,868.54
YG06J,334.65
QVA84,500.14
NVI6Y,469.81
JABJG,153.98
MTABB,973.84
QILT5,1.68
FHN7C,545.04
AA202,664.30
V4S1O,249.94
DXT45,406.31
SDG7J,571.02
6P9MJ,431.55
ERZWD,271.83
KAB3R,191.25
F577K,523.74
E8G0D,268.26
KRLFY,638.30
X3CTO,898.71
E51U2,870.96
YVDLS,312.09
OBCOK,217.40
CDGD3,649.02
XT4HG,825.63
S0MHQ,471.17
7871I,155.53
GCQFR,511.42
CL6F4,530.69
KE75O,18.03
XITYG,730.84
6P3XM,575.20
SXHWX,812.01
8NUE2,735.30
8EBUU,973.26
5S7Q4,224.62
WNB5Y,806.99
A93OY,572.07
9QG2Y,909.90
0E5BO,75.56
1QZWI,230.53
PZVH5,752.11
482PV,967.19
PALJR,540.73
BIJBF,27.66
F7WHX,905.28
FGHZP,811.46
PMTQI,44.58
ZFJA3,883.85
8WFW1,766.47
4Q6SP,517.20
6ZW0F,955.60
J9RWS,828.36
T3D98,804.14
GKR9Z,1.84
3FYKG,411.93
XPF6T,651.14
3YM3O,685.62
NBGMD,674.51
6F6IV,998.63
8XI0H,998.45
4JPFL,462.41
ZBGXI,470.99
M17FE,527.02
0DNIM,933.47
HXV9M,674.74
XROIH,594.30
WVHEL,835.72
86944,458.29
XXG2M,47.21
P9ADM,384.26
S677P,951.67
UGGOZ,358.36
Y6JXY,562.73
ITSQR,668.18
MQ3W9,118.84
5P95L,344.91
IUOAB,676.67
YW4BF,621.37
HUAPT,920.36
ZNC1S,659.71
6HK7S,110.95
IF10E,627.58
4PTAJ,764.22
32KBC,500.82
0X8G4,775.23
2I3X1,746.84
RJTFF,7.87
P7R7H,733.46
QECKZ,561.33
SBI8D,573.48
3Z6LT,121.37
QL0I1,897.56
H3PGP,911.27
GLTOQ,77.11
AJU6A,768.12
9SSZ9,281.13
62AZ7,440.17
BQ2S5,607.27
L566S,352.92
YWD3H,310.98
B82Y2,975.75
BF9E0,586.30
UEUQC,836.64
0KFAX,382.21
CDH1J,565.54
WZ2WD,597.24
F42AU,265.63
GUNH1,135.95
2JB3L,883.00
HB0W9,67.03
SMI2C,974.47
AVDKR,64.26
28YJM,754.15
VMAXS,338.92
1TF14,887.50
2GPDJ,834.83
OPE92,706.76
01FJH,26.20
QXT6K,158.23
EG95Q,927.91
DSTFO,586.43
ZQDXR,102.26
OHSVK,896.96
K1O1C,473.73
7GAVE,262.89
YZWNW,54.11
6MDY1,447.09
LFJ86,485.62
UTTL1,900.07
W0ZZ9,837.72
NCGGD,904.73
HZ0KD,69.40
3FJFK,268.45
Z6CFI,609.38
YR3KW,683.97
RJEKJ,524.65
G7OHT,790.94
JFU0C,382.02
1MNFS,935.28
CLHJF,177.99
VF84J,481.20
83XEL,871.92
9M442,850.47
G7Q46,494.30
O0FV5,599.01
12H2I,57.12
2EO4Z,143.41
MPSNJ,572.35
MFTIT,189.61
BAY5A,933.28
UUKSB,574.37
58OMK,413.98
7BIAF,449.03
DUWSL,425.01
CTT62,724.55
9S6MI,873.49
9B8PA,689.34
HHKUH,362.91
KQU32,119.32
MNHV1,511.43
IDR7S,150.16
DIXEO,780.01
QY466,235.88
8N5G6,45.28
C1TV3,162.29
IM4NJ,905.07
XY5T4,795.81
BHIDX,144.77
IDN1L,654.96
MBG6D,362.85
OSH75,43.89
XVDEL,324.75
J94Z0,90.91
5TUL6,980.24
11OG3,446.70
N14JC,714.51
KT2PK,251.79
2RI7F,402.66
9ZIRP,874.72
PG8LQ,205.77
6DKAM,910.70
YGJ37,874.74
X421Y,296.01
S2LYH,966.78
VQZPI,263.35
FGF7K,490.76
PFOGH,620.37
AN49B,843.44
ZJWQN,884.83
U4AD6,810.48
GLL2R,835.31
4RK6G,428.03
Q09WP,262.69
R0A06,423.86
CE073,27.83
DEPJG,701.19
2VQ3G,636.04
YHDM8,805.19
38ELK,332.01
F8AIA,693.94
R2DF7,261.31
5TZMC,998.64
8NJ93,917.39
WB605,826.76
P9AEB,889.39
VRUQW,249.62
RJ0WN,323.07
C2RIE,468.79
8JA1J,978.31
5SVYP,10.04
888IT,621.70
9J5CI,286.68
33G6A,488.20
4RER0,913.56
LC0MM,600.73
JBK55,275.41
NOP5S,484.00
OL33H,269.10
5ZERL,781.93
ODAAW,671.53
YMXX7,284.70
VSLN9,952.37
M8HZ8,259.94
RE80S,844.48
G5QTK,527.54
HYZ9Q,615.86
BQZ3E,62.05
4J052,667.06
YEA9T,952.41
TQV5F,745.51
LEDFZ,78.47
G4WGQ,446.60
8ZAS5,70.65
T6TSW,180.78
92VK9,944.46
5XNCC,912.06
1DBIG,957.35
WKJQJ,469.25
RO01D,77.39
TQLQK,13.73
4D6IK,167.69
4GCCD,151.58
N305Z,865.13
KJXMB,874.79
O96FM,188.77
7K6LG,548.64
Q5SKS,939.83
QB265,349.14
Y3XJ0,823.13
69XVI,752.42
N6ZQV,217.19
TP4R2,366.94
K0VJ2,23.25
XH8RS,660.47
V2M2D,409.24
VUE25,308.94
S63NC,738.69
D8UBI,72.91
79P1M,299.23
5O3WJ,273.53
IZ7M0,187.57
A1ILW,656.01
CXNJ2,516.38
4FV0P,232.80
4VPZJ,931.57
SBGRT,175.10
UZWWV,216.02
V73VK,307.42
0QKPL,969.10
UURV4,688.66
LE9K7,318.06
NLU4E,14.76
9RN1D,191.71
LDZC4,768.20
WVRB6,503.84
0PXEU,133.12
SUY29,87.24
9GK4E,385.15
9PPVK,655.70
7URS4,978.90
QI09K,676.03
2FB25,712.91
PTKEP,843.93
XH0I7,199.99
XGZTS,528.32
QA4U1,711.54
SNLBG,423.35
II48N,410.18
YHIDN,771.54
Q43H9,635.52
5F775,173.37
8H3U6,884.44
D8RD1,170.02
FFMS1,803.86
PMIIM,826.16
KZPCS,511.68
UDRCS,635.20
RBR8M,632.32
9MDSG,943.22
CDB4B,13.68
MYZZ9,332.62
6222K,632.42
719WF,380.04
KK6JG,134.46
9KZEP,434.36
HLD9A,202.43
CE5VL,175.23
0031M,255.05
KREZ7,156.63
T7HX6,276.12
L9FHK,221.70
WDPKS,353.54
ROK6T,417.21
2TSLA,320.33
CRNFI,597.50
